"","Group1","Group","nt.all","nt.A","nt.T","nt.C","nt.G","nt.M","nt.N","nt.all.r","nt.A.r","nt.T.r","nt.C.r","nt.G.r","nt.M.r","nt.N.r","nt.pos","majority","majority.rate"
"X1","All","All",1611,5,0,0,11,1595,0,1611,5,0,0,11,1595,0,"X1","G",11
"X2","All","All",1611,6,0,1,10,1594,0,1611,6,0,1,10,1594,0,"X2","G",10
"X3","All","All",1611,0,0,11,6,1594,0,1611,0,0,11,6,1594,0,"X3","C",11
"X4","All","All",1611,1,7,6,3,1594,0,1611,1,7,6,3,1594,0,"X4","T",7
"X5","All","All",1611,2,4,0,11,1594,0,1611,2,4,0,11,1594,0,"X5","G",11
"X6","All","All",1611,0,0,12,5,1594,0,1611,0,0,12,5,1594,0,"X6","C",12
"X7","All","All",1611,8,8,1,0,1594,0,1611,8,8,1,0,1594,0,"X7","T",8
"X8","All","All",1611,5,0,2,12,1592,0,1611,5,0,2,12,1592,0,"X8","G",12
"X9","All","All",1611,2,8,5,7,1589,0,1611,2,8,5,7,1589,0,"X9","T",8
"X10","All","All",1611,7,4,6,9,1585,0,1611,7,4,6,9,1585,0,"X10","G",9
"X11","All","All",1611,12,0,1,20,1578,0,1611,12,0,1,20,1578,0,"X11","G",20
"X12","All","All",1611,5,3,2,26,1575,0,1611,5,3,2,26,1575,0,"X12","G",26
"X13","All","All",1611,16,2,3,20,1570,0,1611,16,2,3,20,1570,0,"X13","G",20
"X14","All","All",1611,13,0,8,35,1555,0,1611,13,0,8,35,1555,0,"X14","G",35
"X15","All","All",1611,1377,9,18,30,177,0,1611,1377,9,18,30,177,0,"X15","A",1377
"X16","All","All",1611,186,37,26,1239,123,0,1611,186,37,26,1239,123,0,"X16","G",1239
"X17","All","All",1611,111,31,30,1328,111,0,1611,111,31,30,1328,111,0,"X17","G",1328
"X18","All","All",1611,53,522,882,53,101,0,1611,53,522,882,53,101,0,"X18","C",882
"X19","All","All",1611,620,46,71,768,106,0,1611,620,46,71,768,106,0,"X19","G",768
"X20","All","All",1611,47,669,758,43,94,0,1611,47,669,758,43,94,0,"X20","C",758
"X21","All","All",1611,9,3,1,3,1595,0,1611,9,3,1,3,1595,0,"X21","A",9
"X22","All","All",1611,500,94,59,874,84,0,1611,500,94,59,874,84,0,"X22","G",874
"X23","All","All",1611,107,37,28,1361,78,0,1611,107,37,28,1361,78,0,"X23","G",1361
"X24","All","All",1611,39,80,1345,47,100,0,1611,39,80,1345,47,100,0,"X24","C",1345
"X25","All","All",1611,67,800,627,38,79,0,1611,67,800,627,38,79,0,"X25","T",800
"X26","All","All",1611,558,77,41,832,103,0,1611,558,77,41,832,103,0,"X26","G",832
"X27","All","All",1611,114,59,21,1337,80,0,1611,114,59,21,1337,80,0,"X27","G",1337
"X28","All","All",1611,90,32,31,1381,77,0,1611,90,32,31,1381,77,0,"X28","G",1381
"X29","All","All",1611,124,29,33,1361,64,0,1611,124,29,33,1361,64,0,"X29","G",1361
"X30","All","All",1611,26,147,1358,14,66,0,1611,26,147,1358,14,66,0,"X30","C",1358
"X31","All","All",1611,25,1417,82,21,66,0,1611,25,1417,82,21,66,0,"X31","T",1417
"X32","All","All",1611,141,40,37,1323,70,0,1611,141,40,37,1323,70,0,"X32","G",1323
"X33","All","All",1611,46,363,1114,24,64,0,1611,46,363,1114,24,64,0,"X33","C",1114
"X34","All","All",1611,998,45,51,443,74,0,1611,998,45,51,443,74,0,"X34","A",998
"X35","All","All",1611,53,584,834,62,78,0,1611,53,584,834,62,78,0,"X35","C",834
"X36","All","All",1611,785,39,58,667,62,0,1611,785,39,58,667,62,0,"X36","A",785
"X37","All","All",1611,32,178,1326,13,62,0,1611,32,178,1326,13,62,0,"X37","C",1326
"X38","All","All",1611,15,1478,34,24,60,0,1611,15,1478,34,24,60,0,"X38","T",1478
"X39","All","All",1611,25,99,1390,33,64,0,1611,25,99,1390,33,64,0,"X39","C",1390
"X40","All","All",1611,23,305,1217,9,57,0,1611,23,305,1217,9,57,0,"X40","C",1217
"X41","All","All",1611,1127,42,45,341,56,0,1611,1127,42,45,341,56,0,"X41","A",1127
"X42","All","All",1611,33,1019,419,77,63,0,1611,33,1019,419,77,63,0,"X42","T",1019
"X43","All","All",1611,355,32,10,1143,71,0,1611,355,32,10,1143,71,0,"X43","G",1143
"X44","All","All",1611,139,28,33,1343,68,0,1611,139,28,33,1343,68,0,"X44","G",1343
"X45","All","All",1611,1430,22,4,86,69,0,1611,1430,22,4,86,69,0,"X45","A",1430
"X46","All","All",1611,77,29,19,1403,83,0,1611,77,29,19,1403,83,0,"X46","G",1403
"X47","All","All",1611,39,116,1344,21,91,0,1611,39,116,1344,21,91,0,"X47","C",1344
"X48","All","All",1611,67,532,893,27,92,0,1611,67,532,893,27,92,0,"X48","C",893
"X49","All","All",1611,659,101,68,684,99,0,1611,659,101,68,684,99,0,"X49","G",684
"X50","All","All",1611,115,29,31,1344,92,0,1611,115,29,31,1344,92,0,"X50","G",1344
"X51","All","All",1611,78,776,607,53,97,0,1611,78,776,607,53,97,0,"X51","T",776
"X52","All","All",1611,483,36,27,610,455,0,1611,483,36,27,610,455,0,"X52","G",610
"X53","All","All",1611,98,16,11,1037,449,0,1611,98,16,11,1037,449,0,"X53","G",1037
"X54","All","All",1611,78,14,24,1049,446,0,1611,78,14,24,1049,446,0,"X54","G",1049
"X55","All","All",1611,896,20,4,229,462,0,1611,896,20,4,229,462,0,"X55","A",896
"X56","All","All",1611,109,31,19,997,455,0,1611,109,31,19,997,455,0,"X56","G",997
"X57","All","All",1611,28,71,1028,26,458,0,1611,28,71,1028,26,458,0,"X57","C",1028
"X58","All","All",1611,30,497,602,19,463,0,1611,30,497,602,19,463,0,"X58","C",602
"X59","All","All",1611,558,35,20,525,473,0,1611,558,35,20,525,473,0,"X59","A",558
"X60","All","All",1611,101,16,19,1043,432,0,1611,101,16,19,1043,432,0,"X60","G",1043
"X61","All","All",1611,115,30,14,1020,432,0,1611,115,30,14,1020,432,0,"X61","G",1020
"X62","All","All",1611,862,6,16,296,431,0,1611,862,6,16,296,431,0,"X62","A",862
"X63","All","All",1611,1038,22,14,110,427,0,1611,1038,22,14,110,427,0,"X63","A",1038
"X64","All","All",1611,34,82,1025,42,428,0,1611,34,82,1025,42,428,0,"X64","C",1025
"X65","All","All",1611,1094,27,11,49,430,0,1611,1094,27,11,49,430,0,"X65","A",1094
"X66","All","All",1611,344,14,16,817,420,0,1611,344,14,16,817,420,0,"X66","G",817
"X67","All","All",1611,84,20,16,1070,421,0,1611,84,20,16,1070,421,0,"X67","G",1070
"X68","All","All",1611,49,605,526,14,417,0,1611,49,605,526,14,417,0,"X68","T",605
"X69","All","All",1611,2,0,0,61,1548,0,1611,2,0,0,61,1548,0,"X69","G",61
"X70","All","All",1611,59,0,0,5,1547,0,1611,59,0,0,5,1547,0,"X70","A",59
"X71","All","All",1611,2,58,2,1,1548,0,1611,2,58,2,1,1548,0,"X71","T",58
"X72","All","All",1611,2,5,53,2,1549,0,1611,2,5,53,2,1549,0,"X72","C",53
"X73","All","All",1611,2,3,58,0,1548,0,1611,2,3,58,0,1548,0,"X73","C",58
"X74","All","All",1611,2,5,56,0,1548,0,1611,2,5,56,0,1548,0,"X74","C",56
"X75","All","All",1611,60,0,0,3,1548,0,1611,60,0,0,3,1548,0,"X75","A",60
"X76","All","All",1611,1,0,6,59,1545,0,1611,1,0,6,59,1545,0,"X76","G",59
"X77","All","All",1611,2,31,34,1,1543,0,1611,2,31,34,1,1543,0,"X77","C",34
"X78","All","All",1611,511,33,11,983,73,0,1611,511,33,11,983,73,0,"X78","G",983
"X79","All","All",1611,120,18,11,1392,70,0,1611,120,18,11,1392,70,0,"X79","G",1392
"X80","All","All",1611,318,20,38,1167,68,0,1611,318,20,38,1167,68,0,"X80","G",1167
"X81","All","All",1611,1479,24,6,37,65,0,1611,1479,24,6,37,65,0,"X81","A",1479
"X82","All","All",1611,129,74,16,1332,60,0,1611,129,74,16,1332,60,0,"X82","G",1332
"X83","All","All",1611,54,130,1332,28,67,0,1611,54,130,1332,28,67,0,"X83","C",1332
"X84","All","All",1611,38,102,1397,17,57,0,1611,38,102,1397,17,57,0,"X84","C",1397
"X85","All","All",1611,68,126,1346,17,54,0,1611,68,126,1346,17,54,0,"X85","C",1346
"X86","All","All",1611,38,649,844,25,55,0,1611,38,649,844,25,55,0,"X86","C",844
"X87","All","All",1611,573,46,22,890,80,0,1611,573,46,22,890,80,0,"X87","G",890
"X88","All","All",1611,0,2,14,0,1595,0,1611,0,2,14,0,1595,0,"X88","C",14
"X89","All","All",1611,6,1,14,7,1583,0,1611,6,1,14,7,1583,0,"X89","C",14
"X90","All","All",1611,68,201,1171,38,133,0,1611,68,201,1171,38,133,0,"X90","C",1171
"X91","All","All",1611,75,151,1230,43,112,0,1611,75,151,1230,43,112,0,"X91","C",1230
"X92","All","All",1611,46,136,1296,22,111,0,1611,46,136,1296,22,111,0,"X92","C",1296
"X93","All","All",1611,52,145,568,57,789,0,1611,52,145,568,57,789,0,"X93","C",568
"X94","All","All",1611,47,108,1310,13,133,0,1611,47,108,1310,13,133,0,"X94","C",1310
"X95","All","All",1611,18,1398,50,14,131,0,1611,18,1398,50,14,131,0,"X95","T",1398
"X96","All","All",1611,338,1096,23,25,129,0,1611,338,1096,23,25,129,0,"X96","T",1096
"X97","All","All",1611,40,78,1340,22,131,0,1611,40,78,1340,22,131,0,"X97","C",1340
"X98","All","All",1611,43,863,555,18,132,0,1611,43,863,555,18,132,0,"X98","T",863
"X99","All","All",1611,445,32,33,959,142,0,1611,445,32,33,959,142,0,"X99","G",959
"X100","All","All",1611,1399,28,11,37,136,0,1611,1399,28,11,37,136,0,"X100","A",1399
"X101","All","All",1611,123,17,21,1315,135,0,1611,123,17,21,1315,135,0,"X101","G",1315
"X102","All","All",1611,27,1318,98,30,138,0,1611,27,1318,98,30,138,0,"X102","T",1318
"X103","All","All",1611,6,819,53,17,716,0,1611,6,819,53,17,716,0,"X103","T",819
"X104","All","All",1611,111,19,10,752,719,0,1611,111,19,10,752,719,0,"X104","G",752
"X105","All","All",1611,128,48,14,704,717,0,1611,128,48,14,704,717,0,"X105","G",704
"X106","All","All",1611,162,890,394,14,151,0,1611,162,890,394,14,151,0,"X106","T",890
"X107","All","All",1611,418,43,21,980,149,0,1611,418,43,21,980,149,0,"X107","G",980
"X108","All","All",1611,151,25,17,1256,162,0,1611,151,25,17,1256,162,0,"X108","G",1256
"X109","All","All",1611,15,2,1,6,1587,0,1611,15,2,1,6,1587,0,"X109","A",15
"X110","All","All",1611,165,34,9,1268,135,0,1611,165,34,9,1268,135,0,"X110","G",1268
"X111","All","All",1611,255,54,22,1143,137,0,1611,255,54,22,1143,137,0,"X111","G",1143
"X112","All","All",1611,72,588,766,36,149,0,1611,72,588,766,36,149,0,"X112","C",766
"X113","All","All",1611,624,75,25,740,147,0,1611,624,75,25,740,147,0,"X113","G",740
"X114","All","All",1611,104,18,11,1341,137,0,1611,104,18,11,1341,137,0,"X114","G",1341
"X115","All","All",1611,118,24,20,1308,141,0,1611,118,24,20,1308,141,0,"X115","G",1308
"X116","All","All",1611,1392,16,18,46,139,0,1611,1392,16,18,46,139,0,"X116","A",1392
"X117","All","All",1611,18,1,1,81,1510,0,1611,18,1,1,81,1510,0,"X117","G",81
"X118","All","All",1611,4,8,83,1,1515,0,1611,4,8,83,1,1515,0,"X118","C",83
"X119","All","All",1611,1,29,66,0,1515,0,1611,1,29,66,0,1515,0,"X119","C",66
"X120","All","All",1611,0,90,7,0,1514,0,1611,0,90,7,0,1514,0,"X120","T",90
"X121","All","All",1611,3,46,46,2,1514,0,1611,3,46,46,2,1514,0,"X121","C",46
"X122","All","All",1611,24,8,4,62,1513,0,1611,24,8,4,62,1513,0,"X122","G",62
"X123","All","All",1611,7,45,40,6,1513,0,1611,7,45,40,6,1513,0,"X123","T",45
"X124","All","All",1611,137,33,62,1279,100,0,1611,137,33,62,1279,100,0,"X124","G",1279
"X125","All","All",1611,25,130,1295,33,128,0,1611,25,130,1295,33,128,0,"X125","C",1295
"X126","All","All",1611,28,801,666,22,94,0,1611,28,801,666,22,94,0,"X126","T",801
"X127","All","All",1611,22,205,1257,19,108,0,1611,22,205,1257,19,108,0,"X127","C",1257
"X128","All","All",1611,15,256,418,13,909,0,1611,15,256,418,13,909,0,"X128","C",418
"X129","All","All",1611,323,26,8,345,909,0,1611,323,26,8,345,909,0,"X129","G",345
"X130","All","All",1611,26,258,387,30,910,0,1611,26,258,387,30,910,0,"X130","C",387
"X131","All","All",1611,122,29,244,310,906,0,1611,122,29,244,310,906,0,"X131","G",310
"X132","All","All",1611,16,68,609,12,906,0,1611,16,68,609,12,906,0,"X132","C",609
"X133","All","All",1611,21,655,13,2,920,0,1611,21,655,13,2,920,0,"X133","T",655
"X134","All","All",1611,2,1,20,2,1586,0,1611,2,1,20,2,1586,0,"X134","C",20
"X135","All","All",1611,16,172,1346,29,48,0,1611,16,172,1346,29,48,0,"X135","C",1346
"X136","All","All",1611,21,143,1370,28,49,0,1611,21,143,1370,28,49,0,"X136","C",1370
"X137","All","All",1611,43,738,746,35,49,0,1611,43,738,746,35,49,0,"X137","C",746
"X138","All","All",1611,568,64,41,851,87,0,1611,568,64,41,851,87,0,"X138","G",851
"X139","All","All",1611,10,0,0,13,1588,0,1611,10,0,0,13,1588,0,"X139","G",13
"X140","All","All",1611,88,40,26,1302,155,0,1611,88,40,26,1302,155,0,"X140","G",1302
"X141","All","All",1611,116,50,32,1281,132,0,1611,116,50,32,1281,132,0,"X141","G",1281
"X142","All","All",1611,64,959,482,47,59,0,1611,64,959,482,47,59,0,"X142","T",959
"X143","All","All",1611,457,47,22,1018,67,0,1611,457,47,22,1018,67,0,"X143","G",1018
"X144","All","All",1611,22,112,1384,18,75,0,1611,22,112,1384,18,75,0,"X144","C",1384
"X145","All","All",1611,946,203,348,47,67,0,1611,946,203,348,47,67,0,"X145","A",946
"X146","All","All",1611,315,46,21,1159,70,0,1611,315,46,21,1159,70,0,"X146","G",1159
"X147","All","All",1611,21,78,1417,23,72,0,1611,21,78,1417,23,72,0,"X147","C",1417
"X148","All","All",1611,38,1395,86,28,64,0,1611,38,1395,86,28,64,0,"X148","T",1395
"X149","All","All",1611,139,31,17,1361,63,0,1611,139,31,17,1361,63,0,"X149","G",1361
"X150","All","All",1611,23,147,1357,9,75,0,1611,23,147,1357,9,75,0,"X150","C",1357
"X151","All","All",1611,1419,26,20,73,73,0,1611,1419,26,20,73,73,0,"X151","A",1419
"X152","All","All",1611,89,26,25,1398,73,0,1611,89,26,25,1398,73,0,"X152","G",1398
"X153","All","All",1611,1,0,14,2,1594,0,1611,1,0,14,2,1594,0,"X153","C",14
"X154","All","All",1611,27,118,1356,27,83,0,1611,27,118,1356,27,83,0,"X154","C",1356
"X155","All","All",1611,32,652,826,20,81,0,1611,32,652,826,20,81,0,"X155","C",826
"X156","All","All",1611,688,79,26,753,65,0,1611,688,79,26,753,65,0,"X156","G",753
"X157","All","All",1611,26,114,1384,16,71,0,1611,26,114,1384,16,71,0,"X157","C",1384
"X158","All","All",1611,38,93,1394,26,60,0,1611,38,93,1394,26,60,0,"X158","C",1394
"X159","All","All",1611,50,120,1359,27,55,0,1611,50,120,1359,27,55,0,"X159","C",1359
"X160","All","All",1611,1454,23,24,45,65,0,1611,1454,23,24,45,65,0,"X160","A",1454
"X161","All","All",1611,741,12,8,12,838,0,1611,741,12,8,12,838,0,"X161","A",741
"X162","All","All",1611,507,19,40,991,54,0,1611,507,19,40,991,54,0,"X162","G",991
"X163","All","All",1611,45,267,1195,37,67,0,1611,45,267,1195,37,67,0,"X163","C",1195
"X164","All","All",1611,50,570,912,32,47,0,1611,50,570,912,32,47,0,"X164","C",912
"X165","All","All",1611,761,53,37,701,59,0,1611,761,53,37,701,59,0,"X165","A",761
"X166","All","All",1611,54,741,721,45,50,0,1611,54,741,721,45,50,0,"X166","T",741
"X167","All","All",1611,596,46,38,892,39,0,1611,596,46,38,892,39,0,"X167","G",892
"X168","All","All",1611,146,30,39,1365,31,0,1611,146,30,39,1365,31,0,"X168","G",1365
"X169","All","All",1611,27,67,1461,24,32,0,1611,27,67,1461,24,32,0,"X169","C",1461
"X170","All","All",1611,27,1496,45,9,34,0,1611,27,1496,45,9,34,0,"X170","T",1496
"X171","All","All",1611,80,50,353,1096,32,0,1611,80,50,353,1096,32,0,"X171","G",1096
"X172","All","All",1611,27,511,1030,18,25,0,1611,27,511,1030,18,25,0,"X172","C",1030
"X173","All","All",1611,978,50,37,515,31,0,1611,978,50,37,515,31,0,"X173","A",978
"X174","All","All",1611,131,23,17,1422,18,0,1611,131,23,17,1422,18,0,"X174","G",1422
"X175","All","All",1611,1512,10,10,60,19,0,1611,1512,10,10,60,19,0,"X175","A",1512
"X176","All","All",1611,36,126,1377,22,50,0,1611,36,126,1377,22,50,0,"X176","C",1377
"X177","All","All",1611,30,113,1425,20,23,0,1611,30,113,1425,20,23,0,"X177","C",1425
"X178","All","All",1611,64,468,1022,29,28,0,1611,64,468,1022,29,28,0,"X178","C",1022
"X179","All","All",1611,860,58,72,588,33,0,1611,860,58,72,588,33,0,"X179","A",860
"X180","All","All",1611,127,20,19,1429,16,0,1611,127,20,19,1429,16,0,"X180","G",1429
"X181","All","All",1611,117,26,19,1435,14,0,1611,117,26,19,1435,14,0,"X181","G",1435
"X182","All","All",1611,59,115,1394,25,18,0,1611,59,115,1394,25,18,0,"X182","C",1394
"X183","All","All",1611,885,55,617,36,18,0,1611,885,55,617,36,18,0,"X183","A",885
"X184","All","All",1611,8,1531,44,9,19,0,1611,8,1531,44,9,19,0,"X184","T",1531
"X185","All","All",1611,25,150,1409,12,15,0,1611,25,150,1409,12,15,0,"X185","C",1409
"X186","All","All",1611,26,251,1301,16,17,0,1611,26,251,1301,16,17,0,"X186","C",1301
"X187","All","All",1611,41,467,1055,36,12,0,1611,41,467,1055,36,12,0,"X187","C",1055
"X188","All","All",1611,12,970,31,17,581,0,1611,12,970,31,17,581,0,"X188","T",970
"X189","All","All",1611,57,18,22,932,582,0,1611,57,18,22,932,582,0,"X189","G",932
"X190","All","All",1611,33,645,328,23,582,0,1611,33,645,328,23,582,0,"X190","T",645
"X191","All","All",1611,364,34,18,618,577,0,1611,364,34,18,618,577,0,"X191","G",618
"X192","All","All",1611,25,89,889,29,579,0,1611,25,89,889,29,579,0,"X192","C",889
"X193","All","All",1611,17,980,31,5,578,0,1611,17,980,31,5,578,0,"X193","T",980
"X194","All","All",1611,10,75,926,21,579,0,1611,10,75,926,21,579,0,"X194","C",926
"X195","All","All",1611,4,956,62,4,585,0,1611,4,956,62,4,585,0,"X195","T",956
"X196","All","All",1611,16,528,456,23,588,0,1611,16,528,456,23,588,0,"X196","T",528
"X197","All","All",1611,341,48,31,588,603,0,1611,341,48,31,588,603,0,"X197","G",588
"X198","All","All",1611,2,2,3,11,1593,0,1611,2,2,3,11,1593,0,"X198","G",11
"X199","All","All",1611,200,21,29,1339,22,0,1611,200,21,29,1339,22,0,"X199","G",1339
"X200","All","All",1611,111,63,502,907,28,0,1611,111,63,502,907,28,0,"X200","G",907
"X201","All","All",1611,139,547,21,874,30,0,1611,139,547,21,874,30,0,"X201","G",874
"X202","All","All",1611,156,39,38,656,722,0,1611,156,39,38,656,722,0,"X202","G",656
"X203","All","All",1611,19,122,1377,61,32,0,1611,19,122,1377,61,32,0,"X203","C",1377
"X204","All","All",1611,26,484,1060,17,24,0,1611,26,484,1060,17,24,0,"X204","C",1060
"X205","All","All",1611,515,46,57,49,944,0,1611,515,46,57,49,944,0,"X205","A",515
"X206","All","All",1611,182,529,613,230,57,0,1611,182,529,613,230,57,0,"X206","C",613
"X207","All","All",1611,510,36,25,989,51,0,1611,510,36,25,989,51,0,"X207","G",989
"X208","All","All",1611,136,29,30,1374,42,0,1611,136,29,30,1374,42,0,"X208","G",1374
"X209","All","All",1611,945,24,24,576,42,0,1611,945,24,24,576,42,0,"X209","A",945
"X210","All","All",1611,720,20,11,818,42,0,1611,720,20,11,818,42,0,"X210","G",818
"X211","All","All",1611,31,55,768,19,738,0,1611,31,55,768,19,738,0,"X211","C",768
"X212","All","All",1611,806,11,12,29,753,0,1611,806,11,12,29,753,0,"X212","A",806
"X213","All","All",1611,86,8,14,745,758,0,1611,86,8,14,745,758,0,"X213","G",745
"X214","All","All",1611,73,15,13,755,755,0,1611,73,15,13,755,755,0,"X214","G",755
"X215","All","All",1611,34,88,711,24,754,0,1611,34,88,711,24,754,0,"X215","C",711
"X216","All","All",1611,739,20,10,84,758,0,1611,739,20,10,84,758,0,"X216","A",739
"X217","All","All",1611,56,9,0,776,770,0,1611,56,9,0,776,770,0,"X217","G",776
"X218","All","All",1611,124,19,12,687,769,0,1611,124,19,12,687,769,0,"X218","G",687
"X219","All","All",1611,793,12,9,27,770,0,1611,793,12,9,27,770,0,"X219","A",793
"X220","All","All",1611,66,47,26,702,770,0,1611,66,47,26,702,770,0,"X220","G",702
"X221","All","All",1611,41,72,697,14,787,0,1611,41,72,697,14,787,0,"X221","C",697
"X222","All","All",1611,15,58,754,6,778,0,1611,15,58,754,6,778,0,"X222","C",754
"X223","All","All",1611,29,48,751,6,777,0,1611,29,48,751,6,777,0,"X223","C",751
"X224","All","All",1611,26,291,472,11,811,0,1611,26,291,472,11,811,0,"X224","C",472
"X225","All","All",1611,395,18,13,372,813,0,1611,395,18,13,372,813,0,"X225","A",395
"X226","All","All",1611,28,60,700,13,810,0,1611,28,60,700,13,810,0,"X226","C",700
"X227","All","All",1611,27,78,694,12,800,0,1611,27,78,694,12,800,0,"X227","C",694
"X228","All","All",1611,35,78,686,12,800,0,1611,35,78,686,12,800,0,"X228","C",686
"X229","All","All",1611,13,692,92,7,807,0,1611,13,692,92,7,807,0,"X229","T",692
"X230","All","All",1611,37,73,647,26,828,0,1611,37,73,647,26,828,0,"X230","C",647
"X231","All","All",1611,20,76,675,14,826,0,1611,20,76,675,14,826,0,"X231","C",675
"X232","All","All",1611,6,5,9,0,1591,0,1611,6,5,9,0,1591,0,"X232","C",9
"X233","All","All",1611,37,514,207,21,832,0,1611,37,514,207,21,832,0,"X233","T",514
"X234","All","All",1611,197,22,24,538,830,0,1611,197,22,24,538,830,0,"X234","G",538
"X235","All","All",1611,60,27,17,691,816,0,1611,60,27,17,691,816,0,"X235","G",691
"X236","All","All",1611,72,10,14,702,813,0,1611,72,10,14,702,813,0,"X236","G",702
"X237","All","All",1611,27,349,414,13,808,0,1611,27,349,414,13,808,0,"X237","C",414
"X238","All","All",1611,316,15,16,453,811,0,1611,316,15,16,453,811,0,"X238","G",453
"X239","All","All",1611,39,54,390,326,802,0,1611,39,54,390,326,802,0,"X239","C",390
"X240","All","All",1611,473,4,6,330,798,0,1611,473,4,6,330,798,0,"X240","A",473
"X241","All","All",1611,64,8,22,721,796,0,1611,64,8,22,721,796,0,"X241","G",721
"X242","All","All",1611,15,39,747,19,791,0,1611,15,39,747,19,791,0,"X242","C",747
"X243","All","All",1611,11,770,25,16,789,0,1611,11,770,25,16,789,0,"X243","T",770
"X244","All","All",1611,303,20,11,488,789,0,1611,303,20,11,488,789,0,"X244","G",488
"X245","All","All",1611,14,83,727,3,784,0,1611,14,83,727,3,784,0,"X245","C",727
"X246","All","All",1611,804,7,11,11,778,0,1611,804,7,11,11,778,0,"X246","A",804
"X247","All","All",1611,50,6,18,773,764,0,1611,50,6,18,773,764,0,"X247","G",773
"X248","All","All",1611,19,41,770,16,765,0,1611,19,41,770,16,765,0,"X248","C",770
"X249","All","All",1611,33,329,491,9,749,0,1611,33,329,491,9,749,0,"X249","C",491
"X250","All","All",1611,404,46,15,395,751,0,1611,404,46,15,395,751,0,"X250","A",404
"X251","All","All",1611,14,91,763,0,743,0,1611,14,91,763,0,743,0,"X251","C",763
"X252","All","All",1611,10,76,767,14,744,0,1611,10,76,767,14,744,0,"X252","C",767
"X253","All","All",1611,15,35,805,13,743,0,1611,15,35,805,13,743,0,"X253","C",805
"X254","All","All",1611,816,4,10,12,769,0,1611,816,4,10,12,769,0,"X254","A",816
"X255","All","All",1611,834,9,6,17,745,0,1611,834,9,6,17,745,0,"X255","A",834
"X256","All","All",1611,562,7,23,268,751,0,1611,562,7,23,268,751,0,"X256","A",562
"X257","All","All",1611,13,180,655,15,748,0,1611,13,180,655,15,748,0,"X257","C",655
"X258","All","All",1611,16,522,314,13,746,0,1611,16,522,314,13,746,0,"X258","T",522
"X259","All","All",1611,263,19,17,557,755,0,1611,263,19,17,557,755,0,"X259","G",557
"X260","All","All",1611,20,337,464,27,763,0,1611,20,337,464,27,763,0,"X260","C",464
"X261","All","All",1611,391,35,22,401,762,0,1611,391,35,22,401,762,0,"X261","G",401
"X262","All","All",1611,62,12,13,770,754,0,1611,62,12,13,770,754,0,"X262","G",770
"X263","All","All",1611,5,52,802,9,743,0,1611,5,52,802,9,743,0,"X263","C",802
"X264","All","All",1611,11,842,14,6,738,0,1611,11,842,14,6,738,0,"X264","T",842
"X265","All","All",1611,83,13,11,767,737,0,1611,83,13,11,767,737,0,"X265","G",767
"X266","All","All",1611,11,492,346,19,743,0,1611,11,492,346,19,743,0,"X266","T",492
"X267","All","All",1611,322,11,16,516,746,0,1611,322,11,16,516,746,0,"X267","G",516
"X268","All","All",1611,46,14,29,776,746,0,1611,46,14,29,776,746,0,"X268","G",776
"X269","All","All",1611,801,13,3,50,744,0,1611,801,13,3,50,744,0,"X269","A",801
"X270","All","All",1611,19,440,375,25,752,0,1611,19,440,375,25,752,0,"X270","T",440
"X271","All","All",1611,27,89,722,22,751,0,1611,27,89,722,22,751,0,"X271","C",722
"X272","All","All",1611,27,275,499,61,749,0,1611,27,275,499,61,749,0,"X272","C",499
"X273","All","All",1611,356,19,36,448,752,0,1611,356,19,36,448,752,0,"X273","G",448
"X274","All","All",1611,419,16,10,423,743,0,1611,419,16,10,423,743,0,"X274","G",423
"X275","All","All",1611,54,10,11,794,742,0,1611,54,10,11,794,742,0,"X275","G",794
"X276","All","All",1611,23,51,770,17,750,0,1611,23,51,770,17,750,0,"X276","C",770
"X277","All","All",1611,287,40,520,18,746,0,1611,287,40,520,18,746,0,"X277","C",520
"X278","All","All",1611,4,821,44,4,738,0,1611,4,821,44,4,738,0,"X278","T",821
"X279","All","All",1611,11,62,795,4,739,0,1611,11,62,795,4,739,0,"X279","C",795
"X280","All","All",1611,9,237,611,14,740,0,1611,9,237,611,14,740,0,"X280","C",611
"X281","All","All",1611,11,99,740,27,734,0,1611,11,99,740,27,734,0,"X281","C",740
"X282","All","All",1611,46,723,24,76,742,0,1611,46,723,24,76,742,0,"X282","T",723
"X283","All","All",1611,55,21,107,672,756,0,1611,55,21,107,672,756,0,"X283","G",672
"X284","All","All",1611,18,579,261,10,743,0,1611,18,579,261,10,743,0,"X284","T",579
"X285","All","All",1611,289,8,116,455,743,0,1611,289,8,116,455,743,0,"X285","G",455
"X286","All","All",1611,11,50,792,19,739,0,1611,11,50,792,19,739,0,"X286","C",792
"X287","All","All",1611,103,723,29,9,747,0,1611,103,723,29,9,747,0,"X287","T",723
"X288","All","All",1611,15,75,749,21,751,0,1611,15,75,749,21,751,0,"X288","C",749
"X289","All","All",1611,8,672,51,9,871,0,1611,8,672,51,9,871,0,"X289","T",672
"X290","All","All",1611,10,599,112,13,877,0,1611,10,599,112,13,877,0,"X290","T",599
"X291","All","All",1611,115,39,25,555,877,0,1611,115,39,25,555,877,0,"X291","G",555
"X292","All","All",1611,73,32,38,591,877,0,1611,73,32,38,591,877,0,"X292","G",591
"X293","All","All",1611,134,40,32,523,882,0,1611,134,40,32,523,882,0,"X293","G",523
"X294","All","All",1611,79,34,18,591,889,0,1611,79,34,18,591,889,0,"X294","G",591
"X295","All","All",1611,52,33,23,465,1038,0,1611,52,33,23,465,1038,0,"X295","G",465
"X296","All","All",1611,96,37,231,129,1118,0,1611,96,37,231,129,1118,0,"X296","C",231
"X297","All","All",1611,5,5,5,13,1583,0,1611,5,5,5,13,1583,0,"X297","G",13
"X298","All","All",1611,3,1,5,7,1595,0,1611,3,1,5,7,1595,0,"X298","G",7
"X299","All","All",1611,7,0,0,18,1586,0,1611,7,0,0,18,1586,0,"X299","G",18
"X300","All","All",1611,30,9,2,310,1260,0,1611,30,9,2,310,1260,0,"X300","G",310
"X301","All","All",1611,127,7,11,207,1259,0,1611,127,7,11,207,1259,0,"X301","G",207
"X302","All","All",1611,31,11,20,284,1265,0,1611,31,11,20,284,1265,0,"X302","G",284
"X303","All","All",1611,28,47,589,47,900,0,1611,28,47,589,47,900,0,"X303","C",589
"X304","All","All",1611,35,238,406,23,909,0,1611,35,238,406,23,909,0,"X304","C",406
"X305","All","All",1611,302,24,14,357,914,0,1611,302,24,14,357,914,0,"X305","G",357
"X306","All","All",1611,106,35,17,668,785,0,1611,106,35,17,668,785,0,"X306","G",668
"X307","All","All",1611,91,30,9,700,781,0,1611,91,30,9,700,781,0,"X307","G",700
"X308","All","All",1611,725,13,12,81,780,0,1611,725,13,12,81,780,0,"X308","A",725
"X309","All","All",1611,403,8,17,402,781,0,1611,403,8,17,402,781,0,"X309","A",403
"X310","All","All",1611,7,35,479,33,1057,0,1611,7,35,479,33,1057,0,"X310","C",479
"X311","All","All",1611,497,2,17,43,1052,0,1611,497,2,17,43,1052,0,"X311","A",497
"X312","All","All",1611,29,8,4,520,1050,0,1611,29,8,4,520,1050,0,"X312","G",520
"X313","All","All",1611,36,10,27,486,1052,0,1611,36,10,27,486,1052,0,"X313","G",486
"X314","All","All",1611,15,33,495,18,1050,0,1611,15,33,495,18,1050,0,"X314","C",495
"X315","All","All",1611,505,11,24,21,1050,0,1611,505,11,24,21,1050,0,"X315","A",505
"X316","All","All",1611,77,4,3,474,1053,0,1611,77,4,3,474,1053,0,"X316","G",474
"X317","All","All",1611,79,13,21,712,786,0,1611,79,13,21,712,786,0,"X317","G",712
"X318","All","All",1611,1177,24,61,256,93,0,1611,1177,24,61,256,93,0,"X318","A",1177
"X319","All","All",1611,141,54,265,654,497,0,1611,141,54,265,654,497,0,"X319","G",654
"X320","All","All",1611,89,141,821,56,504,0,1611,89,141,821,56,504,0,"X320","C",821
"X321","All","All",1611,69,483,856,91,112,0,1611,69,483,856,91,112,0,"X321","C",856
"X322","All","All",1611,40,122,1285,47,117,0,1611,40,122,1285,47,117,0,"X322","C",1285
"X323","All","All",1611,39,522,887,29,134,0,1611,39,522,887,29,134,0,"X323","C",887
"X324","All","All",1611,124,232,690,405,160,0,1611,124,232,690,405,160,0,"X324","C",690
"X325","All","All",1611,55,395,891,77,193,0,1611,55,395,891,77,193,0,"X325","C",891
"X326","All","All",1611,85,398,645,275,208,0,1611,85,398,645,275,208,0,"X326","C",645
"X327","All","All",1611,79,327,709,263,233,0,1611,79,327,709,263,233,0,"X327","C",709
"X328","All","All",1611,52,127,710,81,641,0,1611,52,127,710,81,641,0,"X328","C",710
"X329","All","All",1611,27,83,725,30,746,0,1611,27,83,725,30,746,0,"X329","C",725
"X330","All","All",1611,18,52,431,15,1095,0,1611,18,52,431,15,1095,0,"X330","C",431
"X331","All","All",1611,19,13,145,20,1414,0,1611,19,13,145,20,1414,0,"X331","C",145
"X332","All","All",1611,4,5,66,11,1525,0,1611,4,5,66,11,1525,0,"X332","C",66
"X333","All","All",1611,5,13,31,4,1558,0,1611,5,13,31,4,1558,0,"X333","C",31
"X334","All","All",1611,0,2,16,16,1577,0,1611,0,2,16,16,1577,0,"X334","G",16
"X335","All","All",1611,0,5,14,0,1592,0,1611,0,5,14,0,1592,0,"X335","C",14
"X336","All","All",1611,0,5,16,1,1589,0,1611,0,5,16,1,1589,0,"X336","C",16
