Order,Combination,ID,logL,deltaL,bp-RELL,p-KH,p-SH,c-ELW,p-AU,rank,rooted_incstance_cluster,is_kept,Combination,final_tree
259,hg19_G1_v1,1,-1759.848804,0,0.095,0.636,1,0.136952949,0.790698619,1,-,1,MER9s,
260,hg19_G1_v1,2,-1759.884683,0.035879516,0.139,0.364,0.936,0.130605468,0.5840977,2,-,1,MER9s,
261,hg19_G1_v1,5,-1759.884737,0.035933471,0.16,0.364,0.936,0.130588134,0.583403526,3,-,1,MER9s,
262,hg19_G1_v1,3,-1760.674516,0.825712536,0.33,0.416,0.702,0.244099857,0.570200197,4,-,1,MER9s,kept
263,hg19_G1_v1,12,-1761.952821,2.104017538,0.014,0.237,0.766,0.041779721,0.509163399,5,-,1,MER9s,
264,hg19_G1_v1,6,-1761.953182,2.104377836,0.021,0.237,0.766,0.041651301,0.501543017,6,-,1,MER9s,
265,hg19_G1_v1,7,-1761.953625,2.104821176,0.041,0.237,0.766,0.041578364,0.506971164,7,-,1,MER9s,
266,hg19_G1_v1,24,-1762.153839,2.305035299,0.034,0.228,0.709,0.035680846,0.406280271,8,-,2,MER9s,
267,hg19_G1_v1,13,-1762.157236,2.308431813,0.041,0.224,0.708,0.035050268,0.439302935,9,-,2,MER9s,
268,hg19_G1_v1,4,-1762.613482,2.764678555,0.009,0.149,0.563,0.022761117,0.101164154,10,-,0,MER9s,
269,hg19_G1_v1,25,-1762.942908,3.094104277,0.007,0.164,0.555,0.015340544,0.047115575,11,-,0,MER9s,
270,hg19_G1_v1,9,-1763.811632,3.962828094,0.019,0.163,0.413,0.017929784,0.156173808,12,-,0,MER9s,
271,hg19_G1_v1,8,-1763.811639,3.962835381,0.01,0.163,0.413,0.01792927,0.155972702,13,-,0,MER9s,
272,hg19_G1_v1,10,-1763.811868,3.963064341,0.029,0.163,0.413,0.017887543,0.154437345,14,-,0,MER9s,
273,hg19_G1_v1,11,-1764.053613,4.204809428,0.012,0.145,0.397,0.014222814,0.158085624,15,-,0,MER9s,
274,hg19_G1_v1,14,-1765.322411,5.473607026,0.001,0.091,0.25,0.005588387,0.111701022,16,-,0,MER9s,
275,hg19_G1_v1,23,-1765.322659,5.473854851,0.002,0.091,0.25,0.005585422,0.111797684,17,-,0,MER9s,
276,hg19_G1_v1,20,-1765.338121,5.489317218,0.006,0.092,0.245,0.00611273,0.139188409,18,-,0,MER9s,
277,hg19_G1_v1,17,-1765.338138,5.489334479,0.002,0.092,0.245,0.006112297,0.139147387,19,-,0,MER9s,
278,hg19_G1_v1,16,-1765.338153,5.489349706,0.003,0.092,0.245,0.006112176,0.139331704,20,-,0,MER9s,
279,hg19_G1_v1,15,-1765.555912,5.707108614,0.003,0.086,0.229,0.00468583,0.049910584,21,-,0,MER9s,
280,hg19_G1_v1,22,-1765.555924,5.70712016,0.003,0.086,0.229,0.004682107,0.055625827,22,-,0,MER9s,
281,hg19_G1_v1,21,-1765.688763,5.839959489,0.001,0.08,0.217,0.004070391,0.009629196,23,-,0,MER9s,
282,hg19_G1_v1,18,-1766.451606,6.602802598,0.018,0.076,0.204,0.011385461,0.100482833,24,-,0,MER9s,
283,hg19_G1_v1,19,-1767.493162,7.644357982,0,0.058,0.136,0.00160722,0.012619678,25,-,0,MER9s,
284,hg19_G2_v1,1,-4967.822268,0,0.705,0.934,1,0.556602617,0.90989081,1,-,1,LTR5s,kept
285,hg19_G2_v1,2,-4971.276256,3.453988515,0.012,0.066,0.692,0.031388259,0.198232208,2,-,0,LTR5s,
286,hg19_G2_v1,25,-4971.368572,3.546303586,0.016,0.053,0.669,0.030992627,0.036024485,3,-,0,LTR5s,
287,hg19_G2_v1,52,-4971.737584,3.915316276,0.155,0.204,0.615,0.109663085,0.329161429,4,-,0,LTR5s,
288,hg19_G2_v1,55,-4972.646787,4.824518838,0.008,0.107,0.507,0.024337859,0.211989641,5,-,0,LTR5s,
289,hg19_G2_v1,30,-4972.648651,4.826383353,0.012,0.107,0.507,0.024297567,0.218908897,6,-,0,LTR5s,
290,hg19_G2_v1,29,-4972.652022,4.82975359,0.014,0.104,0.507,0.022271314,0.225456415,7,-,0,LTR5s,
291,hg19_G2_v1,31,-4972.953416,5.131148265,0.004,0.102,0.453,0.016732151,0.259835654,8,-,0,LTR5s,
292,hg19_G2_v1,3,-4972.983075,5.160807123,0.006,0.056,0.472,0.020252703,0.209587395,9,-,0,LTR5s,
293,hg19_G2_v1,22,-4972.983519,5.161251114,0.014,0.056,0.472,0.020240611,0.206255436,10,-,0,LTR5s,
294,hg19_G2_v1,54,-4973.044685,5.222417062,0.016,0.097,0.444,0.017093248,0.069930274,11,-,0,LTR5s,
295,hg19_G2_v1,23,-4973.622429,5.800160577,0.007,0.05,0.404,0.013148334,0.05621068,12,-,0,LTR5s,
296,hg19_G2_v1,24,-4973.624695,5.802427374,0.007,0.05,0.402,0.013033884,0.063110158,13,-,0,LTR5s,
297,hg19_G2_v1,33,-4973.894617,6.072348525,0.002,0.083,0.357,0.01111212,0.052193346,14,-,0,LTR5s,
298,hg19_G2_v1,32,-4973.907967,6.085698747,0,0.081,0.353,0.010763154,0.026863386,15,-,0,LTR5s,
299,hg19_G2_v1,53,-4974.013275,6.191007134,0.001,0.081,0.345,0.010070295,0.002154667,16,-,0,LTR5s,
300,hg19_G2_v1,27,-4974.033963,6.211694565,0,0.027,0.344,0.004189534,0.037376285,17,-,0,LTR5s,
301,hg19_G2_v1,28,-4974.284103,6.461834761,0.001,0.031,0.328,0.004807748,0.010126704,18,-,0,LTR5s,
302,hg19_G2_v1,26,-4974.311129,6.48886127,0.001,0.022,0.334,0.003349505,0.011223371,19,-,0,LTR5s,
303,hg19_G2_v1,21,-4974.483275,6.661006848,0.003,0.022,0.305,0.009316086,0.021776809,20,-,0,LTR5s,
304,hg19_G2_v1,34,-4974.56553,6.743262202,0,0.069,0.301,0.005674332,0.000177889,21,-,0,LTR5s,
305,hg19_G2_v1,51,-4974.565604,6.743336455,0,0.069,0.301,0.005674765,5.94E-05,22,-,0,LTR5s,
306,hg19_G2_v1,4,-4974.876158,7.053890044,0,0.031,0.266,0.005597004,0.135972055,23,-,0,LTR5s,
307,hg19_G2_v1,20,-4974.976267,7.153999042,0.007,0.038,0.26,0.009430923,0.062323519,24,-,0,LTR5s,
308,hg19_G2_v1,5,-4975.164752,7.342483855,0.008,0.034,0.247,0.007727149,0.044332087,25,-,0,LTR5s,
309,hg19_G2_v1,35,-4976.2207,8.398431838,0,0.029,0.186,0.00158456,0.011464887,26,-,0,LTR5s,
310,hg19_G2_v1,50,-4976.222267,8.399998558,0,0.029,0.189,0.001593994,0.006323821,27,-,0,LTR5s,
311,hg19_G2_v1,49,-4976.304968,8.482699774,0,0.028,0.187,0.001576376,0.030123259,28,-,0,LTR5s,
312,hg19_G2_v1,36,-4976.305038,8.482770191,0,0.028,0.187,0.001575845,0.029908936,29,-,0,LTR5s,
313,hg19_G2_v1,48,-4977.358761,9.536493318,0,0.018,0.135,0.000696181,0.003849914,30,-,0,LTR5s,
314,hg19_G2_v1,37,-4977.359118,9.536849896,0,0.018,0.135,0.000695869,0.00180541,31,-,0,LTR5s,
315,hg19_G2_v1,47,-4977.595047,9.772778632,0.001,0.02,0.13,0.00129675,0.012225124,32,-,0,LTR5s,
316,hg19_G2_v1,38,-4978.832523,11.01025487,0,0.006,0.076,0.000234742,0.018871343,33,-,0,LTR5s,
317,hg19_G2_v1,6,-4980.533768,12.71150023,0,0.004,0.034,0.000537671,2.09E-07,34,-,0,LTR5s,
318,hg19_G2_v1,19,-4980.534138,12.71186961,0,0.004,0.034,0.000537553,4.20E-06,35,-,0,LTR5s,
319,hg19_G2_v1,46,-4981.6201,13.79783155,0,0.002,0.035,2.44E-05,4.06E-38,36,-,0,LTR5s,
320,hg19_G2_v1,39,-4981.82425,14.00198223,0,0.002,0.036,2.06E-05,4.79E-05,37,-,0,LTR5s,
321,hg19_G2_v1,40,-4982.078726,14.25645801,0,0.001,0.035,1.48E-05,0.010482848,38,-,0,LTR5s,
322,hg19_G2_v1,45,-4982.079256,14.25698805,0,0.001,0.035,1.48E-05,0.010493589,39,-,0,LTR5s,
323,hg19_G2_v1,9,-4982.560454,14.73818642,0,0.003,0.02,0.000378303,0.008439375,40,-,0,LTR5s,
324,hg19_G2_v1,8,-4982.717801,14.89553352,0,0.002,0.018,0.000322677,0.00914217,41,-,0,LTR5s,
325,hg19_G2_v1,10,-4982.718179,14.89591098,0,0.002,0.018,0.000322603,0.009205028,42,-,0,LTR5s,
326,hg19_G2_v1,7,-4983.2235,15.40123237,0,0,0.014,0.000108335,0.006913187,43,-,0,LTR5s,
327,hg19_G2_v1,13,-4983.252741,15.43047254,0,0.002,0.016,0.000139383,0.007132137,44,-,0,LTR5s,
328,hg19_G2_v1,42,-4983.487492,15.66522448,0,0.002,0.028,2.56E-05,5.62E-05,45,-,0,LTR5s,
329,hg19_G2_v1,41,-4984.545654,16.72338579,0,0,0.011,2.80E-06,2.43E-45,46,-,0,LTR5s,
330,hg19_G2_v1,16,-4984.707403,16.88513542,0,0,0.005,2.10E-05,0.002107846,47,-,0,LTR5s,
331,hg19_G2_v1,43,-4984.78164,16.95937189,0,0,0.011,2.91E-06,2.06E-63,48,-,0,LTR5s,
332,hg19_G2_v1,44,-4984.807059,16.98479134,0,0,0.009,1.79E-06,0.041866487,49,-,0,LTR5s,
333,hg19_G2_v1,12,-4984.969185,17.14691702,0,0.001,0.012,0.000370012,0.0003706,50,-,0,LTR5s,
334,hg19_G2_v1,17,-4985.075776,17.25350761,0,0,0.006,1.75E-05,0.001483876,51,-,0,LTR5s,
335,hg19_G2_v1,18,-4985.075878,17.2536101,0,0,0.006,1.75E-05,0.001490033,52,-,0,LTR5s,
336,hg19_G2_v1,11,-4985.481847,17.65957931,0,0,0.003,9.64E-05,2.87E-05,53,-,0,LTR5s,
337,hg19_G2_v1,14,-4990.075333,22.25306483,0,0,0.001,9.93E-07,7.21E-05,54,-,0,LTR5s,
338,hg19_G2_v1,15,-4990.149823,22.32755526,0,0,0,1.22E-06,2.75E-53,55,-,0,LTR5s,
339,hg19_G3_v1,1,-2882.665015,0,0.307,0.668,1,0.18797107,0.665398623,1,-,1,LTR6s,
340,hg19_G3_v1,4,-2883.19045,0.525435223,0.044,0.332,0.913,0.072689052,0.461228399,2,-,2,LTR6s,
341,hg19_G3_v1,21,-2883.300746,0.635731016,0.036,0.406,0.832,0.068249861,0.487495806,3,-,2,LTR6s,kept
342,hg19_G3_v1,8,-2883.300838,0.635822722,0.054,0.406,0.832,0.068239235,0.489173741,4,-,2,LTR6s,
343,hg19_G3_v1,7,-2883.300843,0.635828264,0.067,0.406,0.832,0.06823806,0.487256531,5,-,2,LTR6s,
344,hg19_G3_v1,5,-2883.33258,0.667564689,0.113,0.373,0.812,0.077121868,0.480267955,6,-,2,LTR6s,
345,hg19_G3_v1,3,-2883.39671,0.731695397,0.063,0.173,0.737,0.086812122,0.170378718,7,-,0,LTR6s,
346,hg19_G3_v1,9,-2883.559379,0.894363675,0.021,0.38,0.829,0.048295864,0.603013108,8,-,1,LTR6s,
347,hg19_G3_v1,19,-2883.649989,0.984974379,0.045,0.373,0.794,0.054195951,0.62402856,9,-,1,LTR6s,
348,hg19_G3_v1,10,-2883.650368,0.985352666,0.056,0.373,0.794,0.054176363,0.429485021,10,-,2,LTR6s,
349,hg19_G3_v1,6,-2883.7495,1.084485042,0.025,0.274,0.737,0.047269831,0.141822128,11,-,0,LTR6s,
350,hg19_G3_v1,20,-2883.869356,1.204340901,0.04,0.355,0.727,0.038957772,0.042057299,12,-,0,LTR6s,
351,hg19_G3_v1,18,-2884.03589,1.370874779,0.092,0.35,0.691,0.052871455,0.428686967,13,-,2,LTR6s,
352,hg19_G3_v1,11,-2884.428017,1.763002298,0.011,0.285,0.601,0.026234452,0.100284248,14,-,0,LTR6s,
353,hg19_G3_v1,17,-2885.070639,2.405623793,0.014,0.227,0.443,0.018779662,0.056338494,15,-,0,LTR6s,
354,hg19_G3_v1,12,-2885.113187,2.448172122,0.012,0.219,0.429,0.017796703,0.138776784,16,-,0,LTR6s,
355,hg19_G3_v1,22,-2885.712312,3.04729738,0,0.127,0.342,0.007887358,0.00070981,17,-,0,LTR6s,
356,hg19_G3_v1,14,-2888.734233,6.069217537,0,0.047,0.074,0.00121609,0.015254932,18,-,0,LTR6s,
357,hg19_G3_v1,13,-2888.734295,6.06927972,0,0.047,0.074,0.001216002,0.015238004,19,-,0,LTR6s,
358,hg19_G3_v1,16,-2889.665128,7.000113439,0,0.032,0.044,0.000890682,0.003393549,20,-,0,LTR6s,
359,hg19_G3_v1,15,-2889.665309,7.000294015,0,0.032,0.044,0.000890548,0.003406723,21,-,0,LTR6s,
360,hg19_G4_v1,1,-3460.182373,0,0.795,0.917,1,0.621882832,0.957981067,2,-,1,LTR2s,kept
361,hg19_G4_v1,32,-3464.361267,4.178893184,0.033,0.083,0.441,0.038705152,0.191079211,2,-,0,LTR2s,
362,hg19_G4_v1,31,-3464.627904,4.445530791,0.001,0.039,0.366,0.01349091,0.177419149,3,-,0,LTR2s,
363,hg19_G4_v1,33,-3464.807824,4.625450063,0.004,0.053,0.349,0.015425102,0.087105121,4,-,0,LTR2s,
364,hg19_G4_v1,2,-3464.882631,4.700257769,0.003,0.021,0.334,0.01159072,0.017962025,5,-,0,LTR2s,
365,hg19_G4_v1,28,-3465.313183,5.130809998,0.005,0.034,0.297,0.013178243,0.104601613,6,-,0,LTR2s,
366,hg19_G4_v1,25,-3465.335926,5.153552196,0.002,0.029,0.286,0.011465069,0.133159573,7,-,0,LTR2s,
367,hg19_G4_v1,26,-3465.335935,5.15356192,0.003,0.029,0.286,0.011465353,0.133222238,8,-,0,LTR2s,
368,hg19_G4_v1,29,-3465.336055,5.153681099,0.002,0.029,0.286,0.011463702,0.133244558,9,-,0,LTR2s,
369,hg19_G4_v1,4,-3465.38055,5.198176267,0.001,0.029,0.282,0.010955892,0.150370276,10,-,0,LTR2s,
370,hg19_G4_v1,3,-3465.381316,5.198942683,0,0.028,0.28,0.010805833,0.141410351,11,-,0,LTR2s,
371,hg19_G4_v1,23,-3465.398022,5.215648221,0.016,0.034,0.272,0.019688033,0.07029799,12,-,0,LTR2s,
372,hg19_G4_v1,24,-3465.510027,5.327653592,0.001,0.022,0.273,0.010213366,0.109332549,13,-,0,LTR2s,
373,hg19_G4_v1,5,-3465.510123,5.327749194,0.002,0.022,0.273,0.010211763,0.114648222,14,-,0,LTR2s,
374,hg19_G4_v1,27,-3465.705081,5.522707192,0.007,0.022,0.248,0.008991609,0.021659196,15,-,0,LTR2s,
375,hg19_G4_v1,36,-3465.880172,5.697798853,0.008,0.08,0.267,0.021816758,0.271889919,16,-,0,LTR2s,
376,hg19_G4_v1,37,-3465.941502,5.759128182,0.032,0.09,0.283,0.032044485,0.142218169,17,-,0,LTR2s,
377,hg19_G4_v1,38,-3465.94156,5.759186413,0.034,0.09,0.283,0.032043146,0.142148521,18,-,0,LTR2s,
378,hg19_G4_v1,30,-3465.98228,5.799906019,0,0.009,0.215,0.004831855,0.028411687,19,-,0,LTR2s,
379,hg19_G4_v1,6,-3466.413458,6.231084915,0,0.012,0.155,0.00515424,0.014059211,20,-,0,LTR2s,
380,hg19_G4_v1,42,-3467.00902,6.826646436,0.024,0.07,0.191,0.019369498,0.110310937,21,-,0,LTR2s,
381,hg19_G4_v1,40,-3467.14868,6.966306417,0.008,0.062,0.179,0.013259978,0.047694547,22,-,0,LTR2s,
382,hg19_G4_v1,41,-3467.148723,6.966349881,0.006,0.062,0.179,0.01325942,0.091411182,23,-,0,LTR2s,
383,hg19_G4_v1,17,-3467.442353,7.259979184,0,0.007,0.09,0.002181263,5.26E-06,24,-,0,LTR2s,
384,hg19_G4_v1,7,-3467.442377,7.26000356,0,0.007,0.09,0.002181112,5.33E-06,25,-,0,LTR2s,
385,hg19_G4_v1,8,-3467.442415,7.260041925,0,0.007,0.09,0.002181144,5.30E-06,26,-,0,LTR2s,
386,hg19_G4_v1,39,-3467.46625,7.283876289,0,0.028,0.098,0.002761687,0.030461499,27,-,0,LTR2s,
387,hg19_G4_v1,18,-3467.600261,7.41788752,0,0.005,0.086,0.001988753,4.98E-40,28,-,0,LTR2s,
388,hg19_G4_v1,22,-3467.674927,7.492553965,0.002,0.008,0.095,0.003487864,0.005579103,29,-,0,LTR2s,
389,hg19_G4_v1,35,-3467.687823,7.505449246,0,0.021,0.068,0.00178639,1.55E-58,30,-,0,LTR2s,
390,hg19_G4_v1,34,-3467.84041,7.658036031,0,0.014,0.057,0.001417911,0.000240825,31,-,0,LTR2s,
391,hg19_G4_v1,20,-3467.962709,7.780335937,0.002,0.009,0.1,0.002887498,0.046557926,32,-,0,LTR2s,
392,hg19_G4_v1,43,-3468.083201,7.900827523,0,0.039,0.106,0.004376725,0.043797047,33,-,0,LTR2s,
393,hg19_G4_v1,45,-3468.140497,7.958123301,0.004,0.039,0.114,0.005350799,0.048617529,34,-,0,LTR2s,
394,hg19_G4_v1,44,-3468.140537,7.958163484,0.005,0.039,0.113,0.005349731,0.046135393,35,-,0,LTR2s,
395,hg19_G4_v1,19,-3468.379941,8.197567877,0,0.003,0.066,0.00125617,3.07E-79,36,-,0,LTR2s,
396,hg19_G4_v1,21,-3468.381171,8.198797187,0,0.003,0.065,0.001255929,9.46E-65,37,-,0,LTR2s,
397,hg19_G4_v1,16,-3472.272916,12.09054218,0,0,0.005,0.000113786,0.00056821,38,-,0,LTR2s,
398,hg19_G4_v1,9,-3472.680354,12.49798036,0,0,0.001,6.14E-05,0.003949068,39,-,0,LTR2s,
399,hg19_G4_v1,10,-3475.723507,15.54113351,0,0,0.002,1.02E-05,0.000113988,40,-,0,LTR2s,
400,hg19_G4_v1,15,-3475.928079,15.74570537,0,0,0.001,6.84E-06,0.000118089,41,-,0,LTR2s,
401,hg19_G4_v1,11,-3476.160021,15.97764785,0,0,0.002,1.45E-05,1.25E-07,42,-,0,LTR2s,
402,hg19_G4_v1,14,-3476.160111,15.97773781,0,0,0.002,1.44E-05,1.27E-07,43,-,0,LTR2s,
403,hg19_G4_v1,12,-3479.257076,19.0747023,0,0,0,1.45E-06,2.77E-64,44,-,0,LTR2s,
404,hg19_G4_v1,13,-3479.25712,19.07474603,0,0,0,1.45E-06,2.72E-77,45,-,0,LTR2s,
405,hg19_G5_v1,1,-8240.757794,0,0.019,0.595,1,0.037638335,0.817348569,1,-,1,MER11s,
406,hg19_G5_v1,124,-8240.782397,0.024602753,0.023,0.405,0.975,0.037971783,0.683258126,2,-,1,MER11s,
407,hg19_G5_v1,123,-8240.782414,0.02461969,0.062,0.405,0.975,0.037970628,0.679234853,3,-,1,MER11s,
408,hg19_G5_v1,2,-8240.883529,0.125734803,0.04,0.42,0.981,0.03350412,0.778249542,4,-,1,MER11s,
409,hg19_G5_v1,121,-8240.889925,0.132131155,0.063,0.401,0.954,0.035876345,0.555807105,5,-,1,MER11s,
410,hg19_G5_v1,3,-8240.923627,0.165833309,0.027,0.456,0.994,0.029460746,0.839407367,6,-,1,MER11s,
411,hg19_G5_v1,4,-8240.956725,0.198930859,0.032,0.444,0.986,0.031176338,0.727264929,7,-,1,MER11s,
412,hg19_G5_v1,119,-8240.961061,0.20326711,0.059,0.442,0.985,0.031045905,0.731570537,8,-,1,MER11s,
413,hg19_G5_v1,120,-8241.144141,0.386346541,0.049,0.359,0.943,0.028376626,0.387617765,9,-,0,MER11s,
414,hg19_G5_v1,5,-8241.555548,0.797754325,0.008,0.289,0.953,0.01664226,0.283640852,10,-,0,MER11s,
415,hg19_G5_v1,118,-8241.559873,0.802078907,0.023,0.288,0.953,0.016570183,0.280786514,11,-,0,MER11s,
416,hg19_G5_v1,43,-8241.616555,0.858760519,0.015,0.372,0.883,0.02392929,0.635793361,12,-,1,MER11s,kept3
417,hg19_G5_v1,15,-8241.617603,0.859809025,0.032,0.373,0.881,0.024172803,0.628008768,13,-,1,MER11s,kept2
418,hg19_G5_v1,16,-8241.617827,0.860032789,0.035,0.373,0.881,0.024164292,0.629208779,14,-,1,MER11s,kept4
419,hg19_G5_v1,44,-8242.031861,1.274066619,0.016,0.304,0.826,0.014323133,0.228043712,15,-,0,MER11s,
420,hg19_G5_v1,14,-8242.034358,1.276564032,0.007,0.307,0.83,0.014068281,0.242924679,16,-,0,MER11s,
421,hg19_G5_v1,45,-8242.086884,1.329090425,0.005,0.296,0.818,0.013662944,0.111850343,17,-,0,MER11s,
422,hg19_G5_v1,46,-8242.086902,1.329107522,0.016,0.296,0.818,0.013660745,0.111208429,18,-,0,MER11s,
423,hg19_G5_v1,52,-8242.094555,1.336760825,0.022,0.194,0.863,0.012534192,0.242605817,19,-,0,MER11s,
424,hg19_G5_v1,17,-8242.243544,1.485749763,0.007,0.286,0.795,0.013186451,0.241099819,20,-,0,MER11s,
425,hg19_G5_v1,18,-8242.243692,1.485897973,0.01,0.286,0.795,0.013182174,0.242012307,21,-,0,MER11s,
426,hg19_G5_v1,39,-8242.243771,1.485977123,0.015,0.286,0.795,0.013182752,0.241386897,22,-,0,MER11s,
427,hg19_G5_v1,28,-8242.443954,1.686159556,0.107,0.296,0.683,0.032964034,0.36364943,23,-,0,MER11s,kept
428,hg19_G5_v1,40,-8242.457232,1.699438246,0.002,0.263,0.754,0.010535306,0.096358554,24,-,0,MER11s,
429,hg19_G5_v1,42,-8242.543722,1.785927626,0.005,0.249,0.739,0.009601865,0.005012757,25,-,0,MER11s,
430,hg19_G5_v1,41,-8242.543878,1.786083621,0.005,0.249,0.739,0.009599914,0.004747055,26,-,0,MER11s,
431,hg19_G5_v1,47,-8242.601854,1.844060291,0.006,0.211,0.769,0.008117657,0.381050995,27,-,0,MER11s,
432,hg19_G5_v1,13,-8242.742765,1.984971472,0.01,0.194,0.736,0.00690033,0.037808261,28,-,0,MER11s,
433,hg19_G5_v1,53,-8242.766997,2.009203393,0.002,0.112,0.753,0.005604732,0.188512421,29,-,0,MER11s,
434,hg19_G5_v1,55,-8242.772549,2.014754889,0,0.089,0.762,0.004946212,0.085458925,30,-,0,MER11s,
435,hg19_G5_v1,8,-8242.775963,2.018169478,0.002,0.108,0.748,0.005411616,0.112656824,31,-,0,MER11s,
436,hg19_G5_v1,6,-8242.775434,2.017639699,0.001,0.091,0.757,0.0048443,0.246657607,32,-,0,MER11s,
437,hg19_G5_v1,117,-8242.78258,2.0247858,0.016,0.153,0.728,0.00945587,0.206904442,33,-,0,MER11s,
438,hg19_G5_v1,7,-8242.782129,2.024334515,0,0.106,0.751,0.005326865,0.093222445,34,-,0,MER11s,
439,hg19_G5_v1,54,-8242.891341,2.13354698,0,0.089,0.722,0.004681661,0.027051549,35,-,0,MER11s,
440,hg19_G5_v1,34,-8243.007217,2.249422617,0.008,0.212,0.62,0.009765779,0.293366908,36,-,0,MER11s,
441,hg19_G5_v1,38,-8243.062064,2.304270451,0.001,0.158,0.642,0.005771313,0.028869167,37,-,0,MER11s,
442,hg19_G5_v1,19,-8243.070039,2.312245093,0.002,0.16,0.64,0.00554383,0.004910945,38,-,0,MER11s,
443,hg19_G5_v1,96,-8243.074028,2.31623446,0.026,0.221,0.617,0.013251788,0.442315498,39,-,2,MER11s,
444,hg19_G5_v1,51,-8243.076992,2.31919809,0.004,0.093,0.669,0.004990474,0.101887973,40,-,0,MER11s,
445,hg19_G5_v1,9,-8243.112369,2.35457488,0.001,0.075,0.658,0.003854306,9.01E-07,41,-,0,MER11s,
446,hg19_G5_v1,25,-8243.18567,2.427875858,0.008,0.191,0.584,0.008070657,0.207867461,42,-,0,MER11s,
447,hg19_G5_v1,24,-8243.185686,2.427891912,0.01,0.191,0.584,0.008067578,0.211340438,43,-,0,MER11s,
448,hg19_G5_v1,92,-8243.198917,2.44112285,0,0.196,0.561,0.008187312,0.582925615,44,-,1,MER11s,
449,hg19_G5_v1,72,-8243.203498,2.445704367,0.004,0.202,0.563,0.008230037,0.596544752,45,-,1,MER11s,
450,hg19_G5_v1,73,-8243.207985,2.450190649,0.005,0.2,0.563,0.008152233,0.598716096,46,-,1,MER11s,
451,hg19_G5_v1,94,-8243.218467,2.46067337,0.005,0.192,0.563,0.008136166,0.581169029,47,-,1,MER11s,
452,hg19_G5_v1,93,-8243.218889,2.46109498,0.008,0.193,0.563,0.008130576,0.576580618,48,-,1,MER11s,
453,hg19_G5_v1,10,-8243.241686,2.483891928,0.001,0.064,0.636,0.003337052,9.76E-07,49,-,0,MER11s,
454,hg19_G5_v1,98,-8243.353204,2.595409705,0.011,0.186,0.563,0.00829784,0.39246335,50,-,0,MER11s,
455,hg19_G5_v1,80,-8243.358049,2.600254532,0.01,0.188,0.544,0.009383114,0.41387909,51,-,2,MER11s,
456,hg19_G5_v1,79,-8243.393076,2.635282475,0.005,0.185,0.53,0.008725536,0.428799251,52,-,2,MER11s,
457,hg19_G5_v1,81,-8243.393187,2.635393284,0.005,0.185,0.53,0.008724989,0.430740823,53,-,2,MER11s,
458,hg19_G5_v1,91,-8243.430697,2.672903459,0.007,0.178,0.518,0.00744454,0.233987591,54,-,0,MER11s,
459,hg19_G5_v1,74,-8243.431012,2.673218254,0.008,0.178,0.518,0.007442141,0.217423248,55,-,0,MER11s,
460,hg19_G5_v1,97,-8243.49849,2.740695799,0.006,0.187,0.538,0.007619012,0.117512193,56,-,0,MER11s,
461,hg19_G5_v1,95,-8243.498835,2.741041106,0.013,0.187,0.538,0.007615836,0.111697856,57,-,0,MER11s,
462,hg19_G5_v1,90,-8243.558378,2.800584125,0.005,0.175,0.507,0.007562881,0.193599659,58,-,0,MER11s,
463,hg19_G5_v1,78,-8243.558478,2.800683585,0.014,0.175,0.507,0.007561746,0.197568235,59,-,0,MER11s,
464,hg19_G5_v1,82,-8243.574616,2.816821538,0.01,0.172,0.499,0.007392074,0.450147725,60,-,2,MER11s,
465,hg19_G5_v1,83,-8243.574739,2.816945444,0.009,0.172,0.499,0.007391145,0.450820364,61,-,2,MER11s,
466,hg19_G5_v1,33,-8243.670644,2.91284972,0.008,0.162,0.481,0.00728329,0.106755037,62,-,0,MER11s,
467,hg19_G5_v1,37,-8243.695733,2.93793874,0,0.117,0.517,0.003638968,0.104629878,63,-,0,MER11s,
468,hg19_G5_v1,20,-8243.695792,2.937998054,0.001,0.117,0.517,0.003639446,0.103868526,64,-,0,MER11s,
469,hg19_G5_v1,59,-8243.761677,3.003883026,0,0.07,0.53,0.002474438,0.054012826,65,-,0,MER11s,
470,hg19_G5_v1,60,-8243.787421,3.029626706,0,0.064,0.52,0.002544704,0.023439289,66,-,0,MER11s,
471,hg19_G5_v1,111,-8243.794156,3.036362323,0.002,0.062,0.525,0.002537402,0.08210309,67,-,0,MER11s,
472,hg19_G5_v1,112,-8243.798914,3.041120101,0,0.059,0.528,0.002578131,0.118948385,68,-,0,MER11s,
473,hg19_G5_v1,113,-8243.799838,3.042044292,0,0.059,0.527,0.002575492,0.200983743,69,-,0,MER11s,
474,hg19_G5_v1,31,-8243.822978,3.065184238,0.007,0.135,0.466,0.005866153,0.015238851,70,-,0,MER11s,
475,hg19_G5_v1,32,-8243.823132,3.065338456,0.004,0.135,0.467,0.00586615,0.026038348,71,-,0,MER11s,
476,hg19_G5_v1,58,-8243.835731,3.077936713,0,0.067,0.524,0.00244669,0.007288063,72,-,0,MER11s,
477,hg19_G5_v1,114,-8243.840213,3.082419052,0.001,0.067,0.522,0.002436088,0.010051324,73,-,0,MER11s,
478,hg19_G5_v1,71,-8243.866307,3.108513362,0.001,0.134,0.454,0.004378218,0.063716586,74,-,0,MER11s,
479,hg19_G5_v1,70,-8243.866357,3.108563172,0.003,0.134,0.453,0.004377556,0.06279856,75,-,0,MER11s,
480,hg19_G5_v1,61,-8243.876266,3.118472072,0,0.067,0.498,0.002600881,0.007076842,76,-,0,MER11s,
481,hg19_G5_v1,108,-8243.878646,3.120851821,0.002,0.066,0.498,0.002595964,0.004516845,77,-,0,MER11s,
482,hg19_G5_v1,63,-8243.915035,3.157240789,0.001,0.102,0.465,0.003350919,0.254839924,78,-,0,MER11s,
483,hg19_G5_v1,103,-8243.915045,3.157250666,0,0.103,0.466,0.003351178,0.255281008,79,-,0,MER11s,
484,hg19_G5_v1,64,-8243.91507,3.157275648,0.002,0.102,0.466,0.003350896,0.254823203,80,-,0,MER11s,
485,hg19_G5_v1,76,-8243.954484,3.196689699,0.008,0.14,0.439,0.005107473,0.108352314,81,-,0,MER11s,
486,hg19_G5_v1,75,-8243.954603,3.19680853,0.003,0.14,0.439,0.005101153,0.104855198,82,-,0,MER11s,
487,hg19_G5_v1,56,-8243.971625,3.213830594,0,0.035,0.479,0.001727377,2.08E-39,83,-,0,MER11s,
488,hg19_G5_v1,36,-8244.031871,3.274077319,0.001,0.1,0.441,0.002859289,0.032896086,84,-,0,MER11s,
489,hg19_G5_v1,21,-8244.03197,3.274175646,0.001,0.101,0.442,0.002858735,0.045866393,85,-,0,MER11s,
490,hg19_G5_v1,50,-8244.091856,3.334062214,0,0.032,0.442,0.001792072,0.001651681,86,-,0,MER11s,
491,hg19_G5_v1,11,-8244.091956,3.334161982,0.001,0.032,0.442,0.001791128,0.00158343,87,-,0,MER11s,
492,hg19_G5_v1,110,-8244.118079,3.360285293,0,0.051,0.453,0.002126223,0.088244921,88,-,0,MER11s,
493,hg19_G5_v1,109,-8244.118127,3.360332739,0.003,0.051,0.453,0.002126277,0.095202296,89,-,0,MER11s,
494,hg19_G5_v1,57,-8244.131057,3.373263496,0,0.048,0.448,0.001732143,0.052379015,90,-,0,MER11s,
495,hg19_G5_v1,115,-8244.143819,3.386025082,0,0.048,0.451,0.001822791,0.013754453,91,-,0,MER11s,
496,hg19_G5_v1,116,-8244.155371,3.397576646,0,0.043,0.442,0.001640972,0.069147818,92,-,0,MER11s,
497,hg19_G5_v1,102,-8244.158798,3.401003768,0,0.085,0.42,0.002672621,0.082387665,93,-,0,MER11s,
498,hg19_G5_v1,99,-8244.170391,3.412597279,0,0.114,0.402,0.003192134,0.011092454,94,-,0,MER11s,
499,hg19_G5_v1,69,-8244.170937,3.413142586,0,0.114,0.402,0.003190515,0.008374311,95,-,0,MER11s,
500,hg19_G5_v1,65,-8244.172553,3.414759327,0,0.087,0.421,0.002635984,0.040078614,96,-,0,MER11s,
501,hg19_G5_v1,89,-8244.189153,3.431359478,0.006,0.127,0.409,0.004693273,0.1401986,97,-,0,MER11s,
502,hg19_G5_v1,23,-8244.25001,3.4922165,0.001,0.092,0.417,0.00254314,0.060956725,98,-,0,MER11s,
503,hg19_G5_v1,66,-8244.28738,3.529585539,0.002,0.085,0.402,0.002525811,0.044367572,99,-,0,MER11s,
504,hg19_G5_v1,101,-8244.287599,3.52980511,0,0.085,0.402,0.002524962,0.042161295,100,-,0,MER11s,
505,hg19_G5_v1,26,-8244.295491,3.537696788,0,0.107,0.389,0.003670984,0.015570988,101,-,0,MER11s,
506,hg19_G5_v1,68,-8244.369618,3.611824119,0.001,0.083,0.39,0.00234995,0.037531631,102,-,0,MER11s,
507,hg19_G5_v1,67,-8244.369816,3.612022473,0.002,0.083,0.39,0.002349968,0.037639028,103,-,0,MER11s,
508,hg19_G5_v1,88,-8244.388928,3.631134257,0.003,0.118,0.385,0.003635963,0.120049219,104,-,0,MER11s,
509,hg19_G5_v1,77,-8244.401467,3.643672736,0.006,0.113,0.377,0.003263136,0.001003065,105,-,0,MER11s,
510,hg19_G5_v1,35,-8244.454048,3.696253693,0,0.071,0.359,0.00199052,0.118374684,106,-,0,MER11s,
511,hg19_G5_v1,48,-8244.45434,3.696546408,0.001,0.043,0.396,0.001563021,0.000277856,107,-,0,MER11s,
512,hg19_G5_v1,12,-8244.454638,3.696843869,0.001,0.043,0.395,0.001562284,0.00029958,108,-,0,MER11s,
513,hg19_G5_v1,22,-8244.459012,3.70121801,0,0.07,0.358,0.001961632,0.119152844,109,-,0,MER11s,
514,hg19_G5_v1,27,-8244.499263,3.741469272,0,0.105,0.393,0.003487857,0.023937503,110,-,0,MER11s,
515,hg19_G5_v1,29,-8244.501096,3.743302004,0.001,0.105,0.392,0.003484085,0.013009063,111,-,0,MER11s,
516,hg19_G5_v1,84,-8244.586478,3.828684323,0,0.089,0.349,0.002324766,0.10762608,112,-,0,MER11s,
517,hg19_G5_v1,85,-8244.727204,3.969409546,0,0.087,0.331,0.002122685,0.025744381,113,-,0,MER11s,
518,hg19_G5_v1,30,-8244.755447,3.99765316,0,0.088,0.354,0.002656976,0.011552417,114,-,0,MER11s,
519,hg19_G5_v1,100,-8244.857323,4.099529332,0,0.069,0.301,0.001662133,0.01181007,115,-,0,MER11s,
520,hg19_G5_v1,104,-8245.125376,4.367582134,0,0.036,0.251,0.00085229,1.31E-18,116,-,0,MER11s,
521,hg19_G5_v1,62,-8245.1254,4.367606211,0,0.036,0.252,0.000852109,1.24E-30,117,-,0,MER11s,
522,hg19_G5_v1,107,-8245.127847,4.370053273,0,0.036,0.251,0.000850228,1.66E-23,118,-,0,MER11s,
523,hg19_G5_v1,49,-8245.181027,4.423232768,0,0.017,0.267,0.000678484,0.00123703,119,-,0,MER11s,
524,hg19_G5_v1,105,-8245.394107,4.636313246,0,0.028,0.222,0.000651948,6.32E-21,120,-,0,MER11s,
525,hg19_G5_v1,106,-8245.395717,4.637922854,0,0.028,0.222,0.000650956,8.94E-34,121,-,0,MER11s,
526,hg19_G5_v1,86,-8245.708902,4.951107793,0,0.055,0.24,0.000940427,2.48E-61,122,-,0,MER11s,
527,hg19_G5_v1,87,-8245.709024,4.95123013,0,0.054,0.24,0.000940314,6.39E-76,123,-,0,MER11s,
528,hg19_G6_v1,1,-3590.614788,0,0.25,0.665,1,0.140442894,0.833744475,1,-,1,LTR7s,kept
529,hg19_G6_v1,2,-3590.841806,0.227017943,0.087,0.335,0.985,0.094988039,0.655586829,2,-,1,LTR7s,
530,hg19_G6_v1,15,-3590.841828,0.227040368,0.109,0.335,0.985,0.094983078,0.656173998,3,-,1,LTR7s,
531,hg19_G6_v1,9,-3591.921109,1.306320803,0.048,0.276,0.734,0.055210481,0.462206388,4,-,2,LTR7s,
532,hg19_G6_v1,10,-3591.921281,1.306492852,0.068,0.276,0.734,0.055206737,0.464677278,5,-,2,LTR7s,
533,hg19_G6_v1,8,-3591.921579,1.306791149,0.091,0.276,0.734,0.055191315,0.463118049,6,-,2,LTR7s,
534,hg19_G6_v1,62,-3592.20131,1.586521972,0.113,0.218,0.785,0.064275702,0.356435759,7,-,0,LTR7s,
535,hg19_G6_v1,3,-3592.473183,1.858395001,0.006,0.093,0.72,0.021789983,0.1245127,8,-,0,LTR7s,
536,hg19_G6_v1,14,-3592.473107,1.858319158,0.011,0.093,0.72,0.021798673,0.093834108,9,-,0,LTR7s,
537,hg19_G6_v1,7,-3592.610929,1.996140837,0.011,0.182,0.633,0.026771051,0.113090827,10,-,0,LTR7s,
538,hg19_G6_v1,11,-3592.610994,1.996205761,0.02,0.182,0.633,0.026771145,0.113114195,11,-,0,LTR7s,
539,hg19_G6_v1,61,-3592.704034,2.0892461,0.002,0.064,0.748,0.019213258,0.048298846,12,-,0,LTR7s,
540,hg19_G6_v1,16,-3592.704117,2.089329371,0.005,0.064,0.748,0.019212045,0.047144035,13,-,0,LTR7s,
541,hg19_G6_v1,6,-3592.950972,2.336184384,0.005,0.142,0.586,0.019776587,0.052319709,14,-,0,LTR7s,
542,hg19_G6_v1,5,-3592.951159,2.336371149,0.008,0.142,0.586,0.019772693,0.043342338,15,-,0,LTR7s,
543,hg19_G6_v1,4,-3593.128925,2.514137289,0.007,0.117,0.562,0.016016355,0.000732356,16,-,0,LTR7s,
544,hg19_G6_v1,12,-3593.130147,2.515359145,0.01,0.12,0.561,0.016884873,0.059655848,17,-,0,LTR7s,
545,hg19_G6_v1,13,-3593.581194,2.966406242,0.001,0.058,0.497,0.00953892,0.045079574,18,-,0,LTR7s,
546,hg19_G6_v1,63,-3593.631128,3.01634022,0.003,0.047,0.487,0.010017851,0.228496283,19,-,0,LTR7s,
547,hg19_G6_v1,17,-3593.788239,3.173451421,0,0.023,0.471,0.007755853,0.10762943,20,-,0,LTR7s,
548,hg19_G6_v1,60,-3593.788248,3.173460441,0.001,0.023,0.471,0.007755682,0.108251968,21,-,0,LTR7s,
549,hg19_G6_v1,69,-3593.807948,3.193159845,0.059,0.136,0.442,0.034895466,0.20018231,22,-,0,LTR7s,
550,hg19_G6_v1,68,-3594.212335,3.597547342,0.018,0.11,0.393,0.023137762,0.093762901,23,-,0,LTR7s,
551,hg19_G6_v1,54,-3594.239628,3.624839762,0.017,0.046,0.361,0.011243564,0.225497296,24,-,0,LTR7s,
552,hg19_G6_v1,67,-3594.240764,3.625976243,0.01,0.094,0.376,0.018329365,0.000386647,25,-,0,LTR7s,
553,hg19_G6_v1,18,-3594.976159,4.361370846,0,0.014,0.216,0.003598567,0.069437007,26,-,0,LTR7s,
554,hg19_G6_v1,55,-3594.984168,4.369379852,0,0.012,0.216,0.003457008,0.042257176,27,-,0,LTR7s,
555,hg19_G6_v1,19,-3595.027079,4.412291585,0,0.016,0.215,0.003751343,0.019147429,28,-,0,LTR7s,
556,hg19_G6_v1,53,-3595.027275,4.412486695,0,0.016,0.215,0.003750254,0.019300052,29,-,0,LTR7s,
557,hg19_G6_v1,20,-3595.027309,4.412521347,0.001,0.016,0.215,0.003750339,0.019271472,30,-,0,LTR7s,
558,hg19_G6_v1,59,-3595.184722,4.569934157,0,0.011,0.213,0.003284633,0.065635553,31,-,0,LTR7s,
559,hg19_G6_v1,64,-3595.237798,4.623009641,0.001,0.026,0.235,0.003625544,7.24E-09,32,-,0,LTR7s,
560,hg19_G6_v1,66,-3595.281439,4.666651254,0,0.032,0.236,0.004269566,1.86E-08,33,-,0,LTR7s,
561,hg19_G6_v1,65,-3595.3985,4.783712066,0.001,0.027,0.227,0.003749576,0.000422652,34,-,0,LTR7s,
562,hg19_G6_v1,56,-3595.451104,4.836315654,0.001,0.009,0.173,0.002454158,0.069955516,35,-,0,LTR7s,
563,hg19_G6_v1,27,-3595.853071,5.238283443,0.004,0.021,0.166,0.003530096,0.01764374,36,-,0,LTR7s,
564,hg19_G6_v1,58,-3595.971163,5.356374854,0,0.004,0.124,0.001563141,0.044415504,37,-,0,LTR7s,
565,hg19_G6_v1,57,-3595.97149,5.35670206,0,0.004,0.124,0.001562644,0.044578016,38,-,0,LTR7s,
566,hg19_G6_v1,37,-3596.046462,5.431673687,0.001,0.019,0.143,0.003099044,0.237440644,39,-,0,LTR7s,
567,hg19_G6_v1,28,-3596.124386,5.509598583,0.002,0.011,0.151,0.002929,0.010169536,40,-,0,LTR7s,
568,hg19_G6_v1,45,-3596.170116,5.555327614,0.002,0.023,0.142,0.003969289,0.107263127,41,-,0,LTR7s,
569,hg19_G6_v1,38,-3596.178631,5.563843006,0.004,0.024,0.141,0.003956712,0.09970051,42,-,0,LTR7s,
570,hg19_G6_v1,40,-3596.189847,5.575058938,0.003,0.024,0.141,0.003941027,0.034127125,43,-,0,LTR7s,
571,hg19_G6_v1,39,-3596.207284,5.592496514,0.001,0.025,0.138,0.003910552,0.114397671,44,-,0,LTR7s,
572,hg19_G6_v1,36,-3596.219672,5.604884131,0,0.013,0.122,0.002402136,0.006183037,45,-,0,LTR7s,
573,hg19_G6_v1,50,-3596.219685,5.604897453,0.001,0.013,0.122,0.00240248,0.006035609,46,-,0,LTR7s,
574,hg19_G6_v1,30,-3596.377063,5.762275241,0,0.013,0.102,0.001712419,0.01539601,47,-,0,LTR7s,
575,hg19_G6_v1,23,-3596.430424,5.815635847,0,0.009,0.099,0.001605895,0.021524643,48,-,0,LTR7s,
576,hg19_G6_v1,29,-3596.430456,5.81566773,0,0.009,0.099,0.001605806,0.022050982,49,-,0,LTR7s,
577,hg19_G6_v1,24,-3596.430527,5.815739111,0,0.009,0.1,0.001605655,0.02190466,50,-,0,LTR7s,
578,hg19_G6_v1,31,-3596.536194,5.921406138,0,0.009,0.097,0.001443583,0.021076253,51,-,0,LTR7s,
579,hg19_G6_v1,25,-3596.630823,6.016034829,0,0.008,0.093,0.001401608,0.012557287,52,-,0,LTR7s,
580,hg19_G6_v1,47,-3596.696352,6.081564265,0.002,0.02,0.12,0.003523542,0.03940385,53,-,0,LTR7s,
581,hg19_G6_v1,48,-3596.696366,6.081578296,0.006,0.02,0.12,0.003523269,0.039554864,54,-,0,LTR7s,
582,hg19_G6_v1,46,-3596.696554,6.081766603,0.001,0.02,0.12,0.003522351,0.039611943,55,-,0,LTR7s,
583,hg19_G6_v1,51,-3596.698243,6.083455487,0.001,0.007,0.098,0.001612555,0.133049426,56,-,0,LTR7s,
584,hg19_G6_v1,32,-3596.713578,6.098789796,0,0.009,0.087,0.001200309,0.057645197,57,-,0,LTR7s,
585,hg19_G6_v1,33,-3596.71374,6.098952328,0,0.009,0.087,0.001199988,0.057287651,58,-,0,LTR7s,
586,hg19_G6_v1,21,-3596.769821,6.155032667,0,0.006,0.081,0.001069674,0.139692473,59,-,0,LTR7s,
587,hg19_G6_v1,52,-3596.788831,6.174042651,0,0.007,0.094,0.001428802,0.142271728,60,-,0,LTR7s,
588,hg19_G6_v1,22,-3596.794764,6.179976162,0,0.004,0.079,0.001050151,1.81E-34,61,-,0,LTR7s,
589,hg19_G6_v1,35,-3596.795011,6.180223329,0,0.004,0.079,0.001049789,6.69E-53,62,-,0,LTR7s,
590,hg19_G6_v1,34,-3596.795126,6.18033856,0,0.004,0.079,0.001049774,4.50E-39,63,-,0,LTR7s,
591,hg19_G6_v1,26,-3597.043261,6.42847359,0,0.004,0.069,0.00096129,0.034517736,64,-,0,LTR7s,
592,hg19_G6_v1,49,-3597.526579,6.911791331,0,0.004,0.059,0.001158826,1.37E-07,65,-,0,LTR7s,
593,hg19_G6_v1,44,-3597.606825,6.99203701,0.002,0.011,0.075,0.002002304,0.103406065,66,-,0,LTR7s,
594,hg19_G6_v1,41,-3597.607404,6.992616347,0,0.011,0.075,0.002001146,0.103464932,67,-,0,LTR7s,
595,hg19_G6_v1,42,-3597.608215,6.993427089,0.005,0.019,0.096,0.003336886,0.103492986,68,-,0,LTR7s,
596,hg19_G6_v1,43,-3598.682064,8.067276433,0.001,0.01,0.056,0.000997892,0.000797172,69,-,0,LTR7s,
597,hg19_G8_v1,1,-3537.316259,0,0.536,0.55,1,0.442238048,0.663012306,1,-,1,LTR13s,
598,hg19_G8_v1,2,-3537.788182,0.471922579,0.241,0.45,0.966,0.21806748,0.746560277,2,-,1,LTR13s,kept
599,hg19_G8_v1,7,-3539.337404,2.021144464,0.013,0.054,0.741,0.065024276,0.027734411,3,-,0,LTR13s,
600,hg19_G8_v1,4,-3540.957348,3.641088663,0.115,0.24,0.472,0.09720371,0.26515183,4,-,0,LTR13s,
601,hg19_G8_v1,3,-3541.199628,3.883368296,0.022,0.218,0.458,0.048617554,0.218815581,5,-,0,LTR13s,
602,hg19_G8_v1,5,-3541.448534,4.132274865,0.033,0.214,0.447,0.056389558,0.038697764,6,-,0,LTR13s,
603,hg19_G8_v1,6,-3541.597774,4.281514697,0.017,0.185,0.439,0.033832533,0.078940435,7,-,0,LTR13s,
604,hg19_G8_v1,8,-3544.674612,7.358352476,0.003,0.023,0.207,0.006102135,0.011908069,8,-,0,LTR13s,
605,hg19_G8_v1,9,-3544.675184,7.358924185,0.005,0.023,0.207,0.006097613,0.012400713,9,-,0,LTR13s,
606,hg19_G8_v1,31,-3548.192174,10.87591507,0.003,0.022,0.088,0.003535443,0.021138543,10,-,0,LTR13s,
607,hg19_G8_v1,10,-3548.193661,10.87740126,0.001,0.022,0.088,0.003529873,0.019822236,11,-,0,LTR13s,
608,hg19_G8_v1,30,-3548.616266,11.30000655,0,0.019,0.08,0.002370592,0.033553157,12,-,0,LTR13s,
609,hg19_G8_v1,12,-3548.64932,11.33306026,0,0.017,0.08,0.002641918,0.014438512,13,-,0,LTR13s,
610,hg19_G8_v1,29,-3548.649404,11.33314437,0.003,0.017,0.08,0.002640972,0.014624658,14,-,0,LTR13s,
611,hg19_G8_v1,11,-3548.650075,11.33381533,0.001,0.018,0.078,0.002477531,0.013954451,15,-,0,LTR13s,
612,hg19_G8_v1,13,-3550.201842,12.8855822,0.002,0.006,0.051,0.001667695,0.012879528,16,-,0,LTR13s,
613,hg19_G8_v1,28,-3550.202245,12.88598545,0.001,0.006,0.051,0.001666565,0.012898656,17,-,0,LTR13s,
614,hg19_G8_v1,14,-3550.855423,13.5391635,0.002,0.006,0.045,0.001067074,0.008591458,18,-,0,LTR13s,
615,hg19_G8_v1,27,-3550.855724,13.53946426,0.001,0.006,0.045,0.001066443,0.008862421,19,-,0,LTR13s,
616,hg19_G8_v1,15,-3552.386058,15.06979859,0,0.004,0.028,0.000354945,0.016445857,20,-,0,LTR13s,
617,hg19_G8_v1,22,-3552.687361,15.37110196,0,0.003,0.024,0.000256041,0.00221915,21,-,0,LTR13s,
618,hg19_G8_v1,21,-3552.733276,15.41701696,0,0.006,0.028,0.000420668,0.001540168,22,-,0,LTR13s,
619,hg19_G8_v1,16,-3552.733621,15.41736149,0,0.006,0.028,0.000420601,2.38E-05,23,-,0,LTR13s,
620,hg19_G8_v1,20,-3552.974064,15.65780451,0.001,0.008,0.033,0.001063222,0.007131173,24,-,0,LTR13s,
621,hg19_G8_v1,26,-3553.271044,15.95478421,0,0.003,0.02,0.000159657,0.001525183,25,-,0,LTR13s,
622,hg19_G8_v1,23,-3553.271354,15.95509452,0,0.003,0.02,0.000159426,0.00152801,26,-,0,LTR13s,
623,hg19_G8_v1,17,-3553.620024,16.3037647,0,0.006,0.026,0.000282289,2.91E-05,27,-,0,LTR13s,
624,hg19_G8_v1,18,-3553.621841,16.30558132,0,0.006,0.026,0.000283633,1.85E-05,28,-,0,LTR13s,
625,hg19_G8_v1,19,-3553.770129,16.4538692,0,0.006,0.024,0.000302822,3.59E-05,29,-,0,LTR13s,
626,hg19_G8_v1,24,-3555.061505,17.74524576,0,0.002,0.011,2.98E-05,0.001374118,30,-,0,LTR13s,
627,hg19_G8_v1,25,-3555.062012,17.74575243,0,0.002,0.011,2.98E-05,0.00136126,31,-,0,LTR13s,
628,hg19_G9_v1,1,-3079.486103,0,0.569,0.782,1,0.380480691,0.791421245,1,-,1,LTR23s,
629,hg19_G9_v1,3,-3080.740071,1.253968032,0.051,0.218,0.637,0.090539447,0.390683619,2,-,0,LTR23s,
630,hg19_G9_v1,2,-3080.740112,1.254009494,0.051,0.218,0.638,0.090564418,0.39372229,3,-,0,LTR23s,
631,hg19_G9_v1,5,-3081.372648,1.886545446,0.02,0.193,0.488,0.046777245,0.462190383,4,-,2,LTR23s,
632,hg19_G9_v1,15,-3081.461875,1.9757722,0.052,0.267,0.428,0.07062928,0.392367633,5,-,0,LTR23s,kept
633,hg19_G9_v1,17,-3081.461911,1.975808193,0.078,0.267,0.428,0.070637554,0.376600487,6,-,0,LTR23s,
634,hg19_G9_v1,16,-3081.461913,1.975810593,0.084,0.267,0.428,0.070624082,0.402205379,7,-,2,LTR23s,
635,hg19_G9_v1,4,-3081.462365,1.976262764,0.048,0.172,0.468,0.052995801,0.139756945,8,-,0,LTR23s,
636,hg19_G9_v1,6,-3082.576667,3.090564258,0.002,0.149,0.205,0.020693972,0.267151045,9,-,0,LTR23s,
637,hg19_G9_v1,14,-3082.886179,3.400076789,0.005,0.136,0.177,0.019620519,0.107263298,10,-,0,LTR23s,
638,hg19_G9_v1,7,-3082.88634,3.400237509,0.012,0.136,0.177,0.019617272,0.091812473,11,-,0,LTR23s,
639,hg19_G9_v1,8,-3083.361261,3.875158405,0.004,0.119,0.136,0.012721085,0.136087176,12,-,0,LTR23s,
640,hg19_G9_v1,9,-3083.361281,3.875178695,0.004,0.119,0.136,0.01271976,0.139323486,13,-,0,LTR23s,
641,hg19_G9_v1,11,-3083.8592,4.373097612,0.006,0.101,0.121,0.013313844,0.114184313,14,-,0,LTR23s,
642,hg19_G9_v1,10,-3083.947704,4.461601344,0.007,0.095,0.112,0.011960236,0.05485646,15,-,0,LTR23s,
643,hg19_G9_v1,12,-3083.947723,4.461620005,0.007,0.095,0.112,0.011960574,0.054888801,16,-,0,LTR23s,
644,hg19_G9_v1,13,-3084.827636,5.341533162,0,0.056,0.062,0.004144222,0.007758389,17,-,0,LTR23s,
1,hg19_G10_v1,1,-1458.710508,0,0.792,0.838,1,0.688073068,0.873763876,1,-,1,LTR14s,kept
2,hg19_G10_v1,6,-1460.772842,2.062333936,0.105,0.162,0.436,0.159331417,0.169279506,2,-,0,LTR14s,
3,hg19_G10_v1,5,-1460.797457,2.086948529,0.102,0.16,0.433,0.150331487,0.222448695,3,-,0,LTR14s,
4,hg19_G10_v1,3,-1481.895336,23.18482825,0.001,0,0.004,0.001390392,0.002144278,4,-,0,LTR14s,
5,hg19_G10_v1,2,-1481.899375,23.18886722,0,0,0.005,0.000873636,0.000264194,5,-,0,LTR14s,
6,hg19_G11_v1,2,-2056.821274,0,0.099,0.548,1,0.135430026,0.749873546,1,-,1,LTR14Bs,
7,hg19_G11_v1,19,-2056.821341,6.68E-05,0.173,0.452,0.935,0.135427528,0.748211941,2,-,1,LTR14Bs,
8,hg19_G11_v1,1,-2056.821503,0.000228843,0.198,0.503,0.921,0.135333918,0.715176382,3,-,1,LTR14Bs,kept
9,hg19_G11_v1,3,-2057.511733,0.690458356,0.05,0.21,0.719,0.068188758,0.336029075,4,-,0,LTR14Bs,
10,hg19_G11_v1,18,-2057.511741,0.690466546,0.061,0.21,0.719,0.068186505,0.317778799,5,-,0,LTR14Bs,
11,hg19_G11_v1,8,-2058.258705,1.437430392,0.018,0.236,0.612,0.038067189,0.494931858,6,-,2,LTR14Bs,
12,hg19_G11_v1,7,-2058.258794,1.437519941,0.02,0.236,0.612,0.038069687,0.449935892,7,-,2,LTR14Bs,
13,hg19_G11_v1,17,-2058.259087,1.437812635,0.033,0.236,0.612,0.038046009,0.500204559,8,-,1,LTR14Bs,
14,hg19_G11_v1,5,-2058.269737,1.448462188,0.012,0.156,0.557,0.032351219,0.396744135,9,-,0,LTR14Bs,
15,hg19_G11_v1,4,-2058.32411,1.502835712,0.028,0.131,0.534,0.034315088,0.088919531,10,-,0,LTR14Bs,
16,hg19_G11_v1,13,-2058.684374,1.863099308,0.034,0.207,0.427,0.036568825,0.334084004,11,-,0,LTR14Bs,
17,hg19_G11_v1,9,-2058.691746,1.870471217,0.024,0.204,0.419,0.031544287,0.465313295,12,-,2,LTR14Bs,
18,hg19_G11_v1,14,-2058.691769,1.87049423,0.023,0.204,0.419,0.031542615,0.442498354,13,-,2,LTR14Bs,
19,hg19_G11_v1,6,-2058.738476,1.917201358,0.013,0.146,0.438,0.023346942,0.179079084,14,-,0,LTR14Bs,
20,hg19_G11_v1,12,-2058.857919,2.036644427,0.091,0.218,0.391,0.046480125,0.351571392,15,-,0,LTR14Bs,
21,hg19_G11_v1,10,-2058.871195,2.049921079,0.02,0.186,0.349,0.027907182,0.33934844,16,-,0,LTR14Bs,
22,hg19_G11_v1,16,-2059.27341,2.452136051,0.076,0.2,0.317,0.03887322,0.207990805,17,-,0,LTR14Bs,
23,hg19_G11_v1,15,-2059.531756,2.710481309,0.017,0.155,0.243,0.022376892,0.198447195,18,-,0,LTR14Bs,
24,hg19_G11_v1,11,-2059.70729,2.886015669,0.01,0.131,0.22,0.017943984,0.01303392,19,-,0,LTR14Bs,
25,hg19_G12_v1,1,-1697.009565,0,0.133,0.856,1,0.199796588,0.962743173,1,-,1,LTR17s,
26,hg19_G12_v1,2,-1697.15525,0.145685259,0.145,0.144,0.872,0.171403879,0.351675862,2,-,0,LTR17s,
27,hg19_G12_v1,21,-1697.155699,0.146134477,0.234,0.129,0.867,0.171350755,0.350984359,3,-,0,LTR17s,
28,hg19_G12_v1,7,-1699.509809,2.500244831,0.053,0.233,0.604,0.06508383,0.149743313,4,-,0,LTR17s,
29,hg19_G12_v1,6,-1699.510145,2.500580698,0.077,0.233,0.604,0.06506247,0.15367546,5,-,0,LTR17s,
30,hg19_G12_v1,5,-1699.510285,2.500720163,0.104,0.233,0.604,0.065061851,0.14966526,6,-,0,LTR17s,
31,hg19_G12_v1,8,-1700.306547,3.29698275,0.019,0.19,0.503,0.028142885,0.161508552,7,-,0,LTR17s,
32,hg19_G12_v1,4,-1700.306609,3.297044641,0.021,0.19,0.503,0.028140842,0.161156998,8,-,0,LTR17s,
33,hg19_G12_v1,20,-1700.609191,3.599626602,0.01,0.139,0.458,0.020848199,0.08885777,9,-,0,LTR17s,
34,hg19_G12_v1,3,-1700.615722,3.606157324,0.015,0.143,0.459,0.020735331,0.015859933,10,-,0,LTR17s,
35,hg19_G12_v1,9,-1700.616202,3.606636944,0.015,0.143,0.46,0.020726117,0.135871059,11,-,0,LTR17s,
36,hg19_G12_v1,23,-1700.817885,3.808320638,0.056,0.116,0.385,0.047878681,0.100779479,12,-,0,LTR17s,
37,hg19_G12_v1,22,-1700.818395,3.808829991,0.07,0.116,0.385,0.047860179,0.100773017,13,-,0,LTR17s,
38,hg19_G12_v1,18,-1704.157648,7.148082863,0.003,0.046,0.116,0.002987703,0.004121689,14,-,0,LTR17s,
39,hg19_G12_v1,10,-1704.344957,7.335392131,0.001,0.043,0.099,0.002283006,0.003220365,15,-,0,LTR17s,
40,hg19_G12_v1,11,-1704.345045,7.335480034,0.002,0.043,0.099,0.002283458,0.002603749,16,-,0,LTR17s,
41,hg19_G12_v1,19,-1704.447032,7.437467369,0,0.042,0.096,0.001878089,0.00073398,17,-,0,LTR17s,
42,hg19_G12_v1,15,-1705.073609,8.064044519,0.007,0.045,0.099,0.009755082,0.049041866,18,-,0,LTR17s,kept
43,hg19_G12_v1,14,-1705.074248,8.064683455,0.013,0.045,0.099,0.009748151,0.049113552,19,-,0,LTR17s,
44,hg19_G12_v1,16,-1705.074269,8.064704031,0.009,0.045,0.099,0.009748738,0.049077965,20,-,0,LTR17s,
45,hg19_G12_v1,13,-1705.506606,8.497041575,0.013,0.041,0.084,0.007469533,0.03594401,21,-,0,LTR17s,
46,hg19_G12_v1,12,-1706.586032,9.576467846,0,0.025,0.055,0.001464942,1.90E-08,22,-,0,LTR17s,
47,hg19_G12_v1,17,-1707.448527,10.43896263,0,0.013,0.033,0.000289691,0.00428592,23,-,0,LTR17s,
48,hg19_G13_v1,1,-6367.63326,0,0.65,0.835,1,0.371637119,0.96119595,1,-,1,LTR22s,kept
49,hg19_G13_v1,61,-6368.425321,0.792060957,0.142,0.165,0.83,0.169994953,0.242768221,2,-,0,LTR22s,
50,hg19_G13_v1,2,-6368.694434,1.061174159,0.085,0.088,0.787,0.126426919,0.002708443,3,-,0,LTR22s,
51,hg19_G13_v1,3,-6370.012166,2.378906308,0.003,0.013,0.6,0.036959881,1.05E-05,4,-,0,LTR22s,
52,hg19_G13_v1,60,-6370.012212,2.378951854,0.001,0.013,0.6,0.036956673,7.06E-07,5,-,0,LTR22s,
53,hg19_G13_v1,5,-6370.940385,3.307124926,0.002,0.026,0.507,0.020115959,0.050452103,6,-,0,LTR22s,
54,hg19_G13_v1,58,-6370.971005,3.337745529,0.001,0.02,0.503,0.020581804,0.000831036,7,-,0,LTR22s,
55,hg19_G13_v1,4,-6370.98901,3.355749921,0.003,0.016,0.498,0.018932852,1.16E-55,8,-,0,LTR22s,
56,hg19_G13_v1,59,-6371.216854,3.583593712,0,0.005,0.47,0.013828082,4.46E-05,9,-,0,LTR22s,
57,hg19_G13_v1,6,-6372.428548,4.795287998,0.002,0.036,0.314,0.010775569,0.260740493,10,-,0,LTR22s,
58,hg19_G13_v1,57,-6372.541767,4.908506921,0.009,0.033,0.302,0.010486827,0.08812403,11,-,0,LTR22s,
59,hg19_G13_v1,7,-6373.305229,5.671969455,0.002,0.042,0.218,0.008179054,0.241137333,12,-,0,LTR22s,
60,hg19_G13_v1,48,-6373.305268,5.672008147,0.005,0.042,0.218,0.008177939,0.270321798,13,-,0,LTR22s,
61,hg19_G13_v1,55,-6373.737554,6.104293927,0.003,0.035,0.198,0.006662788,0.208643774,14,-,0,LTR22s,
62,hg19_G13_v1,52,-6373.787877,6.154617145,0.002,0.033,0.186,0.005724023,0.248883507,15,-,0,LTR22s,
63,hg19_G13_v1,49,-6373.789865,6.156605036,0.001,0.033,0.183,0.005641012,0.166339027,16,-,0,LTR22s,
64,hg19_G13_v1,54,-6373.841315,6.208054918,0.002,0.033,0.185,0.005878266,0.225595382,17,-,0,LTR22s,
65,hg19_G13_v1,56,-6373.853316,6.220056512,0.004,0.034,0.185,0.005940865,0.226210319,18,-,0,LTR22s,
66,hg19_G13_v1,53,-6373.860117,6.226856879,0.002,0.031,0.184,0.005802651,0.2271932,19,-,0,LTR22s,
67,hg19_G13_v1,47,-6373.944386,6.311126332,0.003,0.032,0.155,0.004403316,0.277428394,20,-,0,LTR22s,
68,hg19_G13_v1,8,-6373.944767,6.311506959,0,0.031,0.15,0.004317335,0.297195696,21,-,0,LTR22s,
69,hg19_G13_v1,50,-6374.129967,6.496707048,0.002,0.026,0.156,0.004541902,0.014350064,22,-,0,LTR22s,
70,hg19_G13_v1,51,-6374.185242,6.551982551,0.001,0.029,0.155,0.004272661,0.145287917,23,-,0,LTR22s,
71,hg19_G13_v1,42,-6374.628142,6.994882334,0.016,0.038,0.13,0.009363235,0.073578955,24,-,0,LTR22s,
72,hg19_G13_v1,40,-6374.679877,7.0466168,0.004,0.033,0.125,0.007524221,0.045166942,25,-,0,LTR22s,
73,hg19_G13_v1,41,-6374.680242,7.046982005,0.007,0.033,0.125,0.007546736,0.034709878,26,-,0,LTR22s,
74,hg19_G13_v1,9,-6374.785697,7.152437345,0.001,0.025,0.099,0.00269146,0.003711769,27,-,0,LTR22s,
75,hg19_G13_v1,38,-6374.785747,7.152487327,0.001,0.025,0.099,0.002691279,0.003654696,28,-,0,LTR22s,
76,hg19_G13_v1,46,-6375.152706,7.519446001,0,0.019,0.082,0.002025408,0.06619754,29,-,0,LTR22s,
77,hg19_G13_v1,39,-6375.156327,7.523067566,0.001,0.019,0.08,0.001923295,4.33E-09,30,-,0,LTR22s,
78,hg19_G13_v1,44,-6375.57117,7.937910084,0.001,0.016,0.063,0.001514465,0.006325135,31,-,0,LTR22s,
79,hg19_G13_v1,43,-6375.583048,7.949788453,0,0.017,0.06,0.00142235,0.002806577,32,-,0,LTR22s,
80,hg19_G13_v1,45,-6375.596047,7.962787323,0,0.018,0.067,0.001520722,0.000350994,33,-,0,LTR22s,
81,hg19_G13_v1,12,-6376.314497,8.68123725,0,0.017,0.031,0.001991735,0.161086336,34,-,0,LTR22s,
82,hg19_G13_v1,13,-6376.528243,8.894982655,0.002,0.023,0.032,0.002738059,0.125351699,35,-,0,LTR22s,
83,hg19_G13_v1,30,-6376.528275,8.895014761,0.002,0.023,0.032,0.002737444,0.114834731,36,-,0,LTR22s,
84,hg19_G13_v1,31,-6376.553172,8.919912289,0,0.013,0.028,0.001284553,0.174680113,37,-,0,LTR22s,
85,hg19_G13_v1,11,-6376.564099,8.930838716,0,0.013,0.026,0.001216546,0.1405137,38,-,0,LTR22s,
86,hg19_G13_v1,29,-6376.64973,9.016469984,0.001,0.024,0.031,0.002729628,0.103235461,39,-,0,LTR22s,
87,hg19_G13_v1,14,-6376.668025,9.034764805,0.003,0.023,0.029,0.002635117,0.108742955,40,-,0,LTR22s,
88,hg19_G13_v1,36,-6376.69565,9.062390526,0,0.011,0.019,0.001066482,0.098215429,41,-,0,LTR22s,
89,hg19_G13_v1,10,-6376.706951,9.07369085,0,0.01,0.018,0.001009408,0.139187274,42,-,0,LTR22s,
90,hg19_G13_v1,37,-6376.785677,9.152416719,0,0.009,0.017,0.000867836,0.052053918,43,-,0,LTR22s,
91,hg19_G13_v1,26,-6376.840041,9.206780688,0.028,0.043,0.08,0.016043369,0.085227595,44,-,0,LTR22s,
92,hg19_G13_v1,15,-6377.182253,9.548993344,0,0.02,0.028,0.001876387,0.073214454,45,-,0,LTR22s,
93,hg19_G13_v1,28,-6377.228608,9.595348188,0.003,0.017,0.025,0.001913835,0.083664749,46,-,0,LTR22s,
94,hg19_G13_v1,27,-6377.90349,10.27023006,0.001,0.021,0.034,0.001604133,0.093817045,47,-,0,LTR22s,
95,hg19_G13_v1,16,-6378.244472,10.61121251,0,0.018,0.028,0.00145966,7.62E-05,48,-,0,LTR22s,
96,hg19_G13_v1,23,-6378.245237,10.61197704,0.001,0.023,0.036,0.002443022,0.007091286,49,-,0,LTR22s,
97,hg19_G13_v1,18,-6378.245267,10.61200696,0,0.023,0.036,0.002442791,0.00453182,50,-,0,LTR22s,
98,hg19_G13_v1,17,-6378.262445,10.62918501,0.002,0.022,0.035,0.002181762,0.022367032,51,-,0,LTR22s,
99,hg19_G13_v1,24,-6378.392911,10.75965084,0,0.02,0.031,0.001705217,0.032110352,52,-,0,LTR22s,
100,hg19_G13_v1,25,-6378.402487,10.76922739,0,0.022,0.031,0.001705229,0.054138506,53,-,0,LTR22s,
101,hg19_G13_v1,32,-6378.787567,11.15430706,0,0.005,0.01,0.000293575,0.015177025,54,-,0,LTR22s,
102,hg19_G13_v1,35,-6378.787597,11.15433683,0,0.005,0.01,0.000293682,0.015161739,55,-,0,LTR22s,
103,hg19_G13_v1,19,-6379.507706,11.87444565,0.001,0.019,0.029,0.000878215,0.003362576,56,-,0,LTR22s,
104,hg19_G13_v1,22,-6379.513378,11.88011766,0,0.019,0.028,0.00091566,0.002009321,57,-,0,LTR22s,
105,hg19_G13_v1,20,-6379.730901,12.09764109,0,0.014,0.024,0.000716805,0.011763803,58,-,0,LTR22s,
106,hg19_G13_v1,21,-6380.072307,12.43904706,0,0.012,0.017,0.000498468,0.005275736,59,-,0,LTR22s,
107,hg19_G13_v1,34,-6380.168524,12.53526368,0,0.007,0.009,0.000231754,9.56E-08,60,-,0,LTR22s,
108,hg19_G13_v1,33,-6381.352707,13.71944698,0,0.002,0.003,5.80E-05,2.78E-50,61,-,0,LTR22s,
109,hg19_G14_v1,1,-2604.49028,0,0.189,0.494,1,0.24180426,0.744869621,1,-,1,LTR15s,
110,hg19_G14_v1,13,-2604.490285,5.24E-06,0.247,0.506,0.963,0.241803767,0.708699479,2,-,1,LTR15s,kept
111,hg19_G14_v1,2,-2604.490303,2.29E-05,0.302,0.427,0.977,0.241798334,0.637808274,3,-,1,LTR15s,
112,hg19_G14_v1,6,-2606.979838,2.48955831,0.045,0.113,0.692,0.062182442,0.168666134,4,-,0,LTR15s,
113,hg19_G14_v1,3,-2606.979925,2.489645443,0.063,0.113,0.692,0.062179085,0.168261518,5,-,0,LTR15s,
114,hg19_G14_v1,16,-2608.145736,3.655456436,0.039,0.1,0.44,0.045008122,0.121857734,6,-,0,LTR15s,
115,hg19_G14_v1,15,-2608.145731,3.655451173,0.045,0.1,0.44,0.045007951,0.121607991,7,-,0,LTR15s,
116,hg19_G14_v1,12,-2611.407173,6.916893124,0.053,0.069,0.161,0.036372301,0.097025183,8,-,0,LTR15s,
117,hg19_G14_v1,7,-2612.828301,8.338021403,0.005,0.025,0.097,0.005378581,0.004757334,9,-,0,LTR15s,
118,hg19_G14_v1,8,-2613.797537,9.307257812,0.001,0.018,0.076,0.003519993,0.005659802,10,-,0,LTR15s,
119,hg19_G14_v1,11,-2613.797782,9.307502818,0.002,0.018,0.076,0.003518689,0.005658696,11,-,0,LTR15s,
120,hg19_G14_v1,5,-2613.960596,9.470316487,0.006,0.015,0.083,0.004262865,0.012974229,12,-,0,LTR15s,
121,hg19_G14_v1,4,-2614.035222,9.54494201,0.001,0.014,0.076,0.002751871,0.020074172,13,-,0,LTR15s,
122,hg19_G14_v1,10,-2614.49682,10.00654085,0.001,0.015,0.07,0.002522065,0.002171121,14,-,0,LTR15s,
123,hg19_G14_v1,9,-2614.684803,10.19452381,0.001,0.013,0.059,0.001889673,0.014196039,15,-,0,LTR15s,
124,hg19_G15_v1,7,-1256.764819,0,0.176,0.516,1,0.241961802,0.721984726,1,-,1,LTR61s,kept
125,hg19_G15_v1,1,-1256.764875,5.65E-05,0.261,0.484,0.875,0.241968092,0.622863172,2,-,1,LTR61s,
126,hg19_G15_v1,2,-1256.764999,0.000180476,0.347,0.447,0.803,0.241937262,0.436449176,3,-,2,LTR61s,
127,hg19_G15_v1,3,-1258.28977,1.524950909,0.029,0.087,0.291,0.066294071,0.053245873,4,-,0,LTR61s,
128,hg19_G15_v1,6,-1258.290346,1.525527575,0.027,0.085,0.29,0.06609352,0.054025347,5,-,0,LTR61s,
129,hg19_G15_v1,4,-1258.925728,2.160909365,0.129,0.16,0.185,0.091955563,0.181359695,6,-,0,LTR61s,
130,hg19_G15_v1,5,-1259.162896,2.398076981,0.031,0.121,0.13,0.04978969,0.071974866,7,-,0,LTR61s,
131,hg19_G17_v1,1,-3162.854929,0,0.077,0.55,1,0.127486595,0.79787116,1,-,1,LTR4s,
132,hg19_G17_v1,2,-3162.89624,0.041310832,0.125,0.45,0.971,0.117864949,0.612649328,2,-,1,LTR4s,kept
133,hg19_G17_v1,7,-3162.897109,0.042180077,0.158,0.423,0.869,0.126058811,0.422100927,3,-,2,LTR4s,
134,hg19_G17_v1,3,-3162.975924,0.120994597,0.086,0.476,0.951,0.125570818,0.608093348,4,-,1,LTR4s,
135,hg19_G17_v1,4,-3162.996111,0.141182184,0.191,0.476,0.794,0.147098474,0.456634185,5,-,2,LTR4s,
136,hg19_G17_v1,5,-3163.008743,0.153814053,0.188,0.478,0.772,0.143250402,0.701009359,6,-,1,LTR4s,
137,hg19_G17_v1,6,-3163.627293,0.77236402,0.057,0.28,0.714,0.062585119,0.285515886,7,-,0,LTR4s,
138,hg19_G17_v1,9,-3165.860907,3.00597794,0.012,0.116,0.247,0.030973936,0.257277513,8,-,0,LTR4s,
139,hg19_G17_v1,10,-3165.860953,3.006023289,0.02,0.116,0.247,0.030972222,0.257273755,9,-,0,LTR4s,
140,hg19_G17_v1,11,-3165.861001,3.006071809,0.034,0.116,0.248,0.030975456,0.258384866,10,-,0,LTR4s,
141,hg19_G17_v1,14,-3165.862284,3.007354284,0.04,0.115,0.257,0.033577073,0.18576388,11,-,0,LTR4s,
142,hg19_G17_v1,12,-3167.00186,4.146930701,0.004,0.064,0.175,0.012119309,0.032006062,12,-,0,LTR4s,
143,hg19_G17_v1,13,-3167.0292,4.174270333,0.008,0.065,0.176,0.011466836,0.012394061,13,-,0,LTR4s,
144,hg19_G18_v1,26,-9309.758377,0,0.002,0.505,1,0.022126482,0.793062192,1,-,1,LTR25s,
145,hg19_G18_v1,27,-9309.75839,1.32E-05,0.009,0.495,0.997,0.022125495,0.808694375,2,-,1,LTR25s,
146,hg19_G18_v1,102,-9309.758426,4.96E-05,0.015,0.475,0.999,0.022126302,0.807159322,3,-,1,LTR25s,
147,hg19_G18_v1,111,-9309.792212,0.033835113,0.163,0.477,0.909,0.053113057,0.608924044,4,-,1,LTR25s,
148,hg19_G18_v1,81,-9310.059186,0.30080967,0.045,0.421,0.945,0.023850986,0.596812689,5,-,1,LTR25s,
149,hg19_G18_v1,82,-9310.189891,0.431514348,0.015,0.394,0.944,0.019860973,0.793428305,6,-,1,LTR25s,
150,hg19_G18_v1,80,-9310.189933,0.431556232,0.019,0.394,0.944,0.019860705,0.789563338,7,-,1,LTR25s,kept
151,hg19_G18_v1,103,-9310.231173,0.472795887,0.006,0.168,0.957,0.01547629,0.347387793,8,-,0,LTR25s,
152,hg19_G18_v1,108,-9310.2312,0.472823733,0.016,0.168,0.957,0.015474814,0.334971958,9,-,0,LTR25s,
153,hg19_G18_v1,104,-9310.32811,0.569732945,0.01,0.174,0.931,0.014923833,0.324518469,10,-,0,LTR25s,
154,hg19_G18_v1,1,-9310.366163,0.607786329,0.03,0.349,0.917,0.018848663,0.528070396,11,-,1,LTR25s,
155,hg19_G18_v1,93,-9310.374239,0.615862516,0.004,0.287,0.942,0.0129117,0.409483993,12,-,2,LTR25s,
156,hg19_G18_v1,94,-9310.37424,0.615863782,0.007,0.287,0.942,0.012911879,0.422925556,13,-,2,LTR25s,
157,hg19_G18_v1,95,-9310.374336,0.615959114,0.005,0.287,0.942,0.012912091,0.431368819,14,-,2,LTR25s,
158,hg19_G18_v1,83,-9310.381289,0.6229121,0.037,0.36,0.879,0.018627355,0.36699517,15,-,0,LTR25s,
159,hg19_G18_v1,105,-9310.38522,0.626843096,0.011,0.159,0.926,0.01429808,0.635513722,16,-,1,LTR25s,
160,hg19_G18_v1,84,-9310.40326,0.644883177,0.042,0.354,0.878,0.01858308,0.449084294,17,-,2,LTR25s,
161,hg19_G18_v1,4,-9310.417196,0.658819655,0.024,0.342,0.924,0.018157185,0.455536308,18,-,2,LTR25s,
162,hg19_G18_v1,96,-9310.428739,0.670362684,0.006,0.278,0.931,0.012189909,0.546446917,19,-,1,LTR25s,
163,hg19_G18_v1,24,-9310.442426,0.684049755,0.065,0.359,0.905,0.024489027,0.458100529,20,-,2,LTR25s,
164,hg19_G18_v1,92,-9310.442247,0.68387065,0.008,0.268,0.934,0.011683719,0.302388826,21,-,0,LTR25s,
165,hg19_G18_v1,106,-9310.475809,0.717432513,0.014,0.19,0.882,0.01485154,0.404574272,22,-,2,LTR25s,
166,hg19_G18_v1,107,-9310.475816,0.717439587,0.025,0.19,0.882,0.014850291,0.404662124,23,-,2,LTR25s,
167,hg19_G18_v1,97,-9310.550636,0.792259168,0.009,0.255,0.919,0.010875683,0.341280121,24,-,0,LTR25s,
168,hg19_G18_v1,91,-9310.550732,0.792355748,0.011,0.255,0.919,0.010873853,0.234173514,25,-,0,LTR25s,
169,hg19_G18_v1,12,-9310.590052,0.831675103,0.02,0.356,0.835,0.020810806,0.448648292,26,-,2,LTR25s,
170,hg19_G18_v1,10,-9310.589972,0.831595131,0.028,0.356,0.834,0.020807096,0.444780094,27,-,2,LTR25s,
171,hg19_G18_v1,11,-9310.590241,0.831863988,0.038,0.356,0.834,0.020808234,0.452980539,28,-,2,LTR25s,
172,hg19_G18_v1,9,-9310.66035,0.901973547,0.088,0.343,0.795,0.029572115,0.346798937,29,-,0,LTR25s,
173,hg19_G18_v1,3,-9310.693349,0.934972139,0.001,0.284,0.913,0.011677253,0.225569597,30,-,0,LTR25s,
174,hg19_G18_v1,5,-9310.693349,0.934972228,0.002,0.284,0.914,0.011686366,0.217870498,31,-,0,LTR25s,
175,hg19_G18_v1,115,-9310.732335,0.973958499,0.04,0.266,0.85,0.016561216,0.342711306,32,-,0,LTR25s,
176,hg19_G18_v1,79,-9310.766922,1.00854501,0.008,0.254,0.869,0.010383255,0.150026941,33,-,0,LTR25s,
177,hg19_G18_v1,78,-9310.766963,1.008586617,0.004,0.254,0.869,0.010382621,0.116722767,34,-,0,LTR25s,
178,hg19_G18_v1,2,-9310.778162,1.019785342,0.001,0.259,0.907,0.0103184,0.128557545,35,-,0,LTR25s,
179,hg19_G18_v1,14,-9310.778182,1.01980535,0.002,0.259,0.907,0.010318557,0.151802462,36,-,0,LTR25s,
180,hg19_G18_v1,15,-9310.831989,1.073612715,0.005,0.244,0.901,0.009696128,0.326964721,37,-,0,LTR25s,
181,hg19_G18_v1,101,-9310.836043,1.077665848,0.004,0.123,0.89,0.00767286,0.119275029,38,-,0,LTR25s,
182,hg19_G18_v1,28,-9310.841316,1.082939643,0.001,0.118,0.893,0.007525188,0.045777459,39,-,0,LTR25s,
183,hg19_G18_v1,6,-9310.898447,1.14007035,0.007,0.266,0.827,0.011614443,0.387851642,40,-,0,LTR25s,
184,hg19_G18_v1,109,-9310.922997,1.164620231,0,0.136,0.92,0.007769918,0.498850788,41,-,2,LTR25s,
185,hg19_G18_v1,25,-9310.923017,1.164640374,0.001,0.136,0.919,0.007769116,0.505583915,42,-,1,LTR25s,
186,hg19_G18_v1,13,-9310.931964,1.173587492,0.006,0.262,0.815,0.011383236,0.205980427,43,-,0,LTR25s,
187,hg19_G18_v1,110,-9311.013071,1.254693947,0,0.127,0.9,0.007289385,0.2086796,44,-,0,LTR25s,
188,hg19_G18_v1,113,-9311.02745,1.269073644,0,0.124,0.894,0.007367177,0.094388731,45,-,0,LTR25s,
189,hg19_G18_v1,30,-9311.042453,1.284076181,0.001,0.14,0.829,0.006511581,1.05E-09,46,-,0,LTR25s,
190,hg19_G18_v1,29,-9311.042479,1.28410251,0.005,0.14,0.829,0.006511078,8.46E-11,47,-,0,LTR25s,
191,hg19_G18_v1,7,-9311.052868,1.294491592,0.005,0.24,0.79,0.010124579,0.262032322,48,-,0,LTR25s,
192,hg19_G18_v1,89,-9311.119403,1.361026409,0.002,0.151,0.803,0.006738352,0.352288443,49,-,0,LTR25s,
193,hg19_G18_v1,87,-9311.168158,1.409781606,0.002,0.15,0.804,0.006366956,0.395844599,50,-,0,LTR25s,
194,hg19_G18_v1,114,-9311.194212,1.435835375,0.005,0.12,0.811,0.007379925,0.113044891,51,-,0,LTR25s,
195,hg19_G18_v1,88,-9311.21023,1.451852903,0.004,0.146,0.788,0.006167002,0.370403569,52,-,0,LTR25s,
196,hg19_G18_v1,86,-9311.222345,1.463967827,0.001,0.143,0.782,0.005987828,0.386059283,53,-,0,LTR25s,
197,hg19_G18_v1,85,-9311.243048,1.484670881,0.001,0.136,0.785,0.00577749,0.390246444,54,-,0,LTR25s,
198,hg19_G18_v1,23,-9311.275696,1.517318953,0.008,0.184,0.769,0.009686303,0.117788819,55,-,0,LTR25s,
199,hg19_G18_v1,16,-9311.344647,1.586270222,0.002,0.166,0.751,0.007620685,0.008818156,56,-,0,LTR25s,
200,hg19_G18_v1,17,-9311.344659,1.586281861,0.001,0.166,0.751,0.007619398,0.010072346,57,-,0,LTR25s,
201,hg19_G18_v1,112,-9311.346637,1.588260395,0.001,0.088,0.805,0.005379986,0.43418171,58,-,2,LTR25s,
202,hg19_G18_v1,31,-9311.484034,1.725656977,0,0.088,0.725,0.00409334,0.001901606,59,-,0,LTR25s,
203,hg19_G18_v1,90,-9311.515229,1.756852435,0,0.078,0.713,0.004022022,1.36E-05,60,-,0,LTR25s,
204,hg19_G18_v1,8,-9311.53233,1.773953452,0.002,0.183,0.679,0.006460991,0.0367426,61,-,0,LTR25s,
205,hg19_G18_v1,32,-9311.552141,1.793764665,0.001,0.092,0.684,0.004146508,0.164855291,62,-,0,LTR25s,
206,hg19_G18_v1,98,-9311.604926,1.846548951,0,0.056,0.69,0.003680684,0.001193331,63,-,0,LTR25s,
207,hg19_G18_v1,18,-9311.619364,1.860987246,0.003,0.133,0.669,0.006412831,1.43E-95,64,-,0,LTR25s,
208,hg19_G18_v1,33,-9311.677735,1.919358579,0,0.09,0.654,0.003735698,0.097769319,65,-,0,LTR25s,
209,hg19_G18_v1,44,-9311.765333,2.006956216,0.005,0.159,0.57,0.006779674,0.420481046,66,-,2,LTR25s,
210,hg19_G18_v1,51,-9311.814284,2.055907031,0.001,0.167,0.565,0.006663471,0.228208671,67,-,0,LTR25s,
211,hg19_G18_v1,43,-9311.814301,2.055924686,0.005,0.167,0.565,0.006663313,0.228849619,68,-,0,LTR25s,
212,hg19_G18_v1,45,-9311.865917,2.107540287,0.004,0.162,0.555,0.006793831,0.373093695,69,-,0,LTR25s,
213,hg19_G18_v1,46,-9311.867069,2.108692372,0.008,0.162,0.553,0.006788482,0.366910864,70,-,0,LTR25s,
214,hg19_G18_v1,54,-9311.922153,2.163776771,0.012,0.154,0.542,0.006742156,0.312321041,71,-,0,LTR25s,
215,hg19_G18_v1,50,-9311.936174,2.177797729,0.006,0.16,0.54,0.006895696,0.173554556,72,-,0,LTR25s,
216,hg19_G18_v1,47,-9311.966618,2.208241083,0.011,0.152,0.536,0.006686397,0.219507599,73,-,0,LTR25s,
217,hg19_G18_v1,21,-9312.08904,2.330663091,0.014,0.124,0.54,0.00826241,0.058379235,74,-,0,LTR25s,
218,hg19_G18_v1,42,-9312.101625,2.343248308,0.001,0.126,0.504,0.004914063,0.337922387,75,-,0,LTR25s,
219,hg19_G18_v1,52,-9312.101715,2.343338031,0.006,0.129,0.504,0.00499859,0.223551439,76,-,0,LTR25s,
220,hg19_G18_v1,41,-9312.105124,2.346746829,0.001,0.124,0.505,0.004831465,0.30433721,77,-,0,LTR25s,
221,hg19_G18_v1,55,-9312.105194,2.346817499,0.002,0.124,0.505,0.004831491,0.304299901,78,-,0,LTR25s,
222,hg19_G18_v1,67,-9312.115729,2.357352517,0.001,0.081,0.527,0.003274573,0.082618379,79,-,0,LTR25s,
223,hg19_G18_v1,66,-9312.115745,2.357368672,0.002,0.081,0.527,0.003274554,0.088174108,80,-,0,LTR25s,
224,hg19_G18_v1,68,-9312.11579,2.357412897,0,0.08,0.525,0.003274102,0.089425613,81,-,0,LTR25s,
225,hg19_G18_v1,53,-9312.184125,2.425747857,0.007,0.125,0.493,0.004660654,0.104848051,82,-,0,LTR25s,
226,hg19_G18_v1,100,-9312.287868,2.529490877,0,0.01,0.511,0.001900243,0.240189478,83,-,0,LTR25s,
227,hg19_G18_v1,99,-9312.311292,2.552915444,0,0.011,0.505,0.001845961,0.340941492,84,-,0,LTR25s,
228,hg19_G18_v1,20,-9312.357633,2.599256235,0.001,0.06,0.485,0.003474138,0.067664437,85,-,0,LTR25s,
229,hg19_G18_v1,19,-9312.37278,2.614403316,0,0.059,0.483,0.003505294,0.041112089,86,-,0,LTR25s,
230,hg19_G18_v1,58,-9312.492022,2.733645191,0.001,0.079,0.438,0.00295603,0.056185567,87,-,0,LTR25s,
231,hg19_G18_v1,65,-9312.511774,2.753397258,0,0.061,0.43,0.002351017,0.009343878,88,-,0,LTR25s,
232,hg19_G18_v1,57,-9312.516269,2.75789251,0.001,0.096,0.421,0.003486429,0.116895912,89,-,0,LTR25s,
233,hg19_G18_v1,56,-9312.516279,2.757902126,0.001,0.096,0.422,0.003486452,0.111042082,90,-,0,LTR25s,
234,hg19_G18_v1,64,-9312.554159,2.795782535,0.001,0.062,0.418,0.002238372,0.004737689,91,-,0,LTR25s,
235,hg19_G18_v1,62,-9312.593835,2.835458752,0,0.074,0.403,0.002485485,0.030292522,92,-,0,LTR25s,
236,hg19_G18_v1,61,-9312.593968,2.835591752,0,0.074,0.403,0.002484229,0.031503517,93,-,0,LTR25s,
237,hg19_G18_v1,60,-9312.608731,2.850354101,0,0.068,0.405,0.002435998,0.026084244,94,-,0,LTR25s,
238,hg19_G18_v1,39,-9312.636397,2.878019823,0,0.069,0.406,0.002378401,0.055490567,95,-,0,LTR25s,
239,hg19_G18_v1,38,-9312.636412,2.878035083,0,0.069,0.406,0.002378481,0.055911375,96,-,0,LTR25s,
240,hg19_G18_v1,22,-9312.65774,2.899362823,0,0.044,0.415,0.00271909,0.126154585,97,-,0,LTR25s,
241,hg19_G18_v1,48,-9312.6791,2.920723318,0.008,0.096,0.414,0.004106465,0.135544441,98,-,0,LTR25s,
242,hg19_G18_v1,49,-9312.67994,2.921562949,0.003,0.095,0.407,0.003764777,0.006999018,99,-,0,LTR25s,
243,hg19_G18_v1,34,-9312.69132,2.932943262,0,0.034,0.374,0.001563797,5.43E-09,100,-,0,LTR25s,
244,hg19_G18_v1,35,-9312.691333,2.932956712,0,0.034,0.373,0.00156376,4.94E-09,101,-,0,LTR25s,
245,hg19_G18_v1,72,-9312.691338,2.932960979,0,0.034,0.373,0.001563865,3.90E-09,102,-,0,LTR25s,
246,hg19_G18_v1,77,-9312.692826,2.934448989,0,0.017,0.42,0.001656061,0.152629604,103,-,0,LTR25s,
247,hg19_G18_v1,40,-9312.713313,2.954936235,0,0.066,0.386,0.002212731,0.174834073,104,-,0,LTR25s,
248,hg19_G18_v1,36,-9312.771127,3.012750473,0,0.037,0.372,0.001518004,0.032229826,105,-,0,LTR25s,
249,hg19_G18_v1,73,-9312.783873,3.02549609,0,0.031,0.363,0.001400192,1.06E-40,106,-,0,LTR25s,
250,hg19_G18_v1,69,-9312.805012,3.046635633,0,0.032,0.357,0.001407706,0.001084006,107,-,0,LTR25s,
251,hg19_G18_v1,59,-9312.81075,3.052373574,0,0.06,0.375,0.002002063,0.067124772,108,-,0,LTR25s,
252,hg19_G18_v1,37,-9312.8423,3.083923512,0,0.048,0.367,0.001632644,3.14E-49,109,-,0,LTR25s,
253,hg19_G18_v1,75,-9312.87797,3.11959316,0,0.021,0.356,0.001228035,3.50E-41,110,-,0,LTR25s,
254,hg19_G18_v1,76,-9312.929586,3.17120923,0,0.016,0.36,0.001208565,0.118181925,111,-,0,LTR25s,
255,hg19_G18_v1,70,-9312.930306,3.171929064,0,0.033,0.326,0.001269179,0.001336839,112,-,0,LTR25s,
256,hg19_G18_v1,74,-9312.945913,3.187536233,0,0.027,0.331,0.001247518,1.06E-44,113,-,0,LTR25s,
257,hg19_G18_v1,71,-9312.971405,3.213028272,0,0.028,0.321,0.001217051,0.00191761,114,-,0,LTR25s,
258,hg19_G18_v1,63,-9313.303698,3.545321208,0,0.038,0.282,0.001137445,4.99E-62,115,-,0,LTR25s,
259,hg19_G16_v1,1,-805.2228567,0,0.962,0.947,1,0.850340391,0.99405568,1,-,1,LTR66,kept
260,hg19_G16_v1,3,-809.8321414,4.609284673,0.009,0.053,0.053,0.0414188,0.010200166,2,-,0,LTR66,
261,hg19_G16_v1,6,-809.8322594,4.609402661,0.013,0.053,0.053,0.041415795,0.008550824,3,-,0,LTR66,
262,hg19_G16_v1,4,-810.0431722,4.82031552,0.004,0.046,0.046,0.033428125,0.00153764,4,-,0,LTR66,
263,hg19_G16_v1,5,-810.0441302,4.821273464,0.012,0.046,0.046,0.03339689,0.001537922,5,-,0,LTR66,
265,hg19_G19_v1,1,-1303.859092,0,0.676,0.779,1,0.660537391,0.943129309,1,-,1,MER11D,kept
266,hg19_G19_v1,6,-1306.944432,3.085339291,0.131,0.221,0.34,0.140392671,0.060519094,2,-,0,MER11D,
267,hg19_G19_v1,3,-1306.944822,3.085729262,0.154,0.221,0.34,0.140330412,0.060528623,3,-,0,MER11D,
268,hg19_G19_v1,4,-1310.370064,6.51097162,0.017,0.079,0.09,0.029383103,0.033406092,4,-,0,MER11D,
269,hg19_G19_v1,5,-1310.370954,6.511861559,0.022,0.079,0.09,0.029356424,0.033404712,5,-,0,MER11D,
,,,,,,,,,,,,,,